DROP TABLE IF EXISTS BOARD_CATEGORY;
CREATE TABLE `BOARD_CATEGORY` (
  `CATEGORY_ID` int(11) NOT NULL AUTO_INCREMENT,
  `CATEGORY_NAME` varchar(50) NOT NULL,
  `CREATED_DATE` datetime DEFAULT current_timestamp(),
  `MODIFIED_DATE` datetime DEFAULT current_timestamp() ON UPDATE current_timestamp(),
  PRIMARY KEY (`CATEGORY_ID`)
) ENGINE=InnoDB AUTO_INCREMENT=5 DEFAULT CHARSET=utf8;

INSERT INTO BOARD_CATEGORY (CATEGORY_ID, CATEGORY_NAME, CREATED_DATE, MODIFIED_DATE) VALUES
(1, '공지사항', '2024-12-18 20:48:23', '2024-12-18 20:48:23'),
(2, '자유게시판', '2024-12-18 20:48:23', '2024-12-18 20:48:23'),
(3, 'Q&A', '2024-12-18 20:48:23', '2024-12-18 20:48:23'),
(4, '자료실', '2024-12-18 20:48:23', '2024-12-18 20:48:23');

DROP TABLE IF EXISTS ACCOUNT;
CREATE TABLE `ACCOUNT` (
  `NO` int(10) NOT NULL AUTO_INCREMENT,
  `EMAIL` varchar(30) NOT NULL,
  `NAME` varchar(30) NOT NULL,
  `PASSWORD` varchar(100) DEFAULT NULL,
  `ROLE` varchar(20) NOT NULL DEFAULT '사원',
  `POSITION` varchar(20) NOT NULL DEFAULT '사원',
  `CREATE_DATE` date NOT NULL DEFAULT current_timestamp(),
  `ACCOUNT_STATE` int(11) NOT NULL DEFAULT 1 COMMENT '사용자 상태',
  `LEVEL` int(10) NOT NULL DEFAULT 1,
  PRIMARY KEY (`NO`)
) ENGINE=InnoDB AUTO_INCREMENT=62 DEFAULT CHARSET=utf8;

INSERT INTO ACCOUNT (NO, EMAIL, NAME, PASSWORD, ROLE, POSITION, CREATE_DATE, ACCOUNT_STATE, LEVEL) VALUES
(1, 'admin@email.com', 'admin', '$2b$10$WjqKri3gpvKRj2rkbZPDcuEHMnXe2XnUVTEtPbyC9AKAikaDubiga', 'admin', 'admin', '2024-08-18', 1, 100),
(2, 'tera@email.com', '관리자', '$2b$10$Xnn2xgBl7N6mHvtb1mOYvu.ZwJd1QzBLW0agDWPGzBrCu/Md596tG', 'admin', 'admin', '2024-08-18', 1, 100),
(3, 'bjpark@email.com', '박병주', '$2b$10$CBOnUWe8gKqSR6tnsJ1mTOzJjikruhHI8FLsqL./NDCUB13B6yUn6', '관리자', '관리자', '2024-12-08', 1, 100),
(4, 'admin1@email.com', '관리자1', '$2b$10$Z4YjpH/jBYnigoAeOnQwIO1QV4lGhV5911/gNhyDnpe8SqCx2MP8.', '사원', '사원', '2024-12-08', 1, 100),
(5, 'terasys@email.com', '박병주', '$2b$10$4/5PGLja8wHPYEGVgtI2HudzwrA3Pv3EzLi5Oq.MOemOwY6LB03PO', '매니저', '매니저', '2024-12-08', 1, 100),
(6, 'tera1@email.com', '관리자1', '2', '관리10', '관리자', '2024-12-09', 1, 100),
(10, 'nam93054321@daum.net', '남진규', '$2b$10$0k4uAaMRspn0n7mHk/cyxOQhyEqWLycyc6qNCiTirGwxMbak15UGS', '공정관리', '공정관리', '2024-10-10', 1, 5),
(32, '8391785@daum.net', '이종록', '$2b$10$EW5ilV5Z8jFki6Uk0.Vv..kSzC9ac6y.yPMx36GBGkrXCqHRnmDlC', '출하관리', '부장', '2024-10-21', 1, 5),
(50, 'qntksrudeh@naver.com', '김종렬', '$2b$10$NUYc4kUIAEKN/2ysbuKgX.dUITfV1ODwQorxyETewWEVmwUo9EfGW', '사원', '사원', '2024-12-09', 1, 1),
(51, 'kjr@email.com', '김종렬', '$2b$10$2ajEvNZQBvmfdc6js2CCQOypXkLIyFlxl2xy0Z39l/KDZ9CpImlAq', '자재관리', '사원', '2024-11-05', 1, 5),
(53, 'jknam@email.com', '남진규', '$2b$10$ekMDjkY5pQviDbl9M4VvNO2.nCr.TtIcuwBN/B5z22yv2cCwwJK9S', '공정관리', '공정관리', '2024-12-08', 1, 5),
(55, 'kjr', '김종렬', '$2b$10$dxclVrCgC9k9X9N6QYJytO0PQwKFC3iWOdFa.TzuAanBrRNo2eB8a', 'admin', '사원', '2024-12-09', 1, 1),
(59, 'test1@email.com', 'test', '$2b$10$NW.GaBDCXR0KXQkEV7EUruOAuyd5xNzn7C6JjKMPOttprf.7YFnqy', '사원', '사원', '2024-12-26', 1, 1),
(60, 'dgtaki@naver.com', '탁도균', '$2b$10$YCtTa0ZOB.LvLSWEgc4QZecMsXMkLxzjuBximBfS5R3B6.uFi09Yq', '사원', '사원', '2024-12-27', 1, 1),
(61, 'jylee@email.com', '이지연', '$2b$10$GSGotWsb0y7Ph53/aJ7kuuCQ0UQPBmJlvjZkb0ptmlxxiYwBXZIwu', '사원', '사원', '2025-01-02', 1, 1);

DROP TABLE IF EXISTS ACCOUNT_POSITION;
CREATE TABLE `ACCOUNT_POSITION` (
  `POSITION_CODE` int(2) NOT NULL,
  `POSITION_NAME` varchar(20) NOT NULL,
  `POSITION_SORT` varchar(2) DEFAULT NULL
) ENGINE=InnoDB DEFAULT CHARSET=utf8;

INSERT INTO ACCOUNT_POSITION (POSITION_CODE, POSITION_NAME, POSITION_SORT) VALUES
(1, '대표이사', '1'),
(2, '이사', '2'),
(5, '공장장', '5'),
(7, '품질관리', '7'),
(10, '사원', '10'),
(9, '재단', '9');

DROP TABLE IF EXISTS ACCOUNT_ROLE;
CREATE TABLE `ACCOUNT_ROLE` (
  `ROLE_NO` int(1) NOT NULL,
  `ROLE_NAME` varchar(20) NOT NULL,
  `ROLE_LEVEL` int(10) NOT NULL
) ENGINE=InnoDB DEFAULT CHARSET=utf8;

INSERT INTO ACCOUNT_ROLE (ROLE_NO, ROLE_NAME, ROLE_LEVEL) VALUES
(1, '사원', 1),
(2, '자재관리', 1),
(3, '공정관리', 5);

DROP TABLE IF EXISTS BACKUP_HISTORY;
CREATE TABLE `BACKUP_HISTORY` (
  `ID` int(11) NOT NULL AUTO_INCREMENT,
  `BACKUP_NAME` varchar(255) NOT NULL,
  `BACKUP_PATH` varchar(1024) NOT NULL,
  `BACKUP_SIZE` bigint(20) NOT NULL,
  `CREATED_BY` varchar(50) NOT NULL,
  `STATUS` varchar(20) NOT NULL,
  `CREATED_AT` datetime DEFAULT current_timestamp(),
  `UPDATED_AT` datetime DEFAULT current_timestamp() ON UPDATE current_timestamp(),
  PRIMARY KEY (`ID`)
) ENGINE=InnoDB DEFAULT CHARSET=utf8;

DROP TABLE IF EXISTS CHAR_DIM;
CREATE TABLE `CHAR_DIM` (
  `NO` int(11) NOT NULL,
  `Venthole_size` varchar(50) DEFAULT NULL,
  `Venthole_sewing1` varchar(50) DEFAULT NULL,
  `Venthole_sewing2` varchar(50) DEFAULT NULL,
  `Assy_Size1` varchar(50) DEFAULT NULL,
  `Assy_Size2` varchar(50) DEFAULT NULL,
  `Assy_Size3` varchar(50) DEFAULT NULL,
  `Permete_Selvage` varchar(50) DEFAULT NULL,
  `Stitch_lock` varchar(50) DEFAULT NULL,
  `Stitch_Chain` varchar(50) DEFAULT NULL,
  `Tether_Reinforce` varchar(50) DEFAULT NULL,
  `Inflator_Hole01` varchar(50) DEFAULT NULL,
  `Inflator_Hole02` varchar(50) DEFAULT NULL,
  `ThemBent` varchar(50) DEFAULT NULL,
  `Attatch_sewing` varchar(50) DEFAULT NULL,
  `Characteristic_Dim` varchar(200) DEFAULT NULL,
  PRIMARY KEY (`NO`)
) ENGINE=InnoDB DEFAULT CHARSET=utf8;

INSERT INTO CHAR_DIM (NO, Venthole_size, Venthole_sewing1, Venthole_sewing2, Assy_Size1, Assy_Size2, Assy_Size3, Permete_Selvage, Stitch_lock, Stitch_Chain, Tether_Reinforce, Inflator_Hole01, Inflator_Hole02, ThemBent, Attatch_sewing, Characteristic_Dim) VALUES
(1, NULL, NULL, NULL, '(110)mm', '(120)mm', '(55)mm', NULL, NULL, NULL, NULL, NULL, NULL, NULL, NULL, NULL),
(2, NULL, NULL, NULL, NULL, NULL, NULL, NULL, NULL, NULL, NULL, NULL, NULL, NULL, NULL, NULL),
(3, NULL, NULL, NULL, NULL, NULL, NULL, NULL, NULL, NULL, NULL, NULL, NULL, NULL, NULL, NULL),
(4, '20±1mm', '60±3mm', NULL, '(110)mm', '(120)mm', '(55)mm', NULL, NULL, NULL, NULL, NULL, NULL, NULL, NULL, NULL),
(5, '30±1mm', '60±3mm', NULL, '(110)mm', '(120)mm', '(55)mm', NULL, NULL, NULL, NULL, NULL, NULL, NULL, NULL, NULL),
(6, '20±1mm', '60±3mm', NULL, '(120)mm', '(120)mm', '(50)mm', NULL, NULL, NULL, NULL, NULL, NULL, NULL, NULL, NULL),
(7, '55±1mm', '80±2mm', '100±2mm', 'MAX(105)mm', 'MAX(210)mm', 'MAX(90)mm', NULL, NULL, NULL, NULL, NULL, NULL, NULL, NULL, NULL),
(8, NULL, NULL, NULL, 'Max 105mm', 'Max 210mm', NULL, NULL, NULL, NULL, NULL, NULL, NULL, NULL, NULL, NULL),
(9, '45±1mm', '75±2mm', '95±2mm', 'Max 105mm', 'Max 210mm', 'Max 90mm', NULL, NULL, NULL, NULL, NULL, NULL, NULL, NULL, NULL),
(10, NULL, NULL, NULL, NULL, NULL, NULL, '20±5mm', '10±1/25.4mm', '10-1+3/25.4mm', NULL, NULL, NULL, NULL, NULL, 'IP Reinforce Selvag 15±3mm ,Tether Sewing Min15mm, Mouth Sewing 70±3mm, Mouth Sewing 70±3mm'),
(11, NULL, NULL, NULL, NULL, NULL, NULL, '20±5mm', '9±1/25.4mm', '10+3-1/25.4mm', '10±3mm', 'Ø20±mm', 'Ø30±mm', '70±5mm', '10±3mm', NULL),
(12, NULL, NULL, NULL, NULL, NULL, NULL, '20±5mm', '9±1/25.4mm', '10+3-1/25.4mm', '10±3mm', 'Ø20±mm', 'Ø30±mm', '75±5mm', '10±3mm', NULL),
(13, NULL, NULL, NULL, NULL, NULL, NULL, '20±5mm', '9±1/25.4mm', '10+3-1/25.4mm', '10±3mm', 'Ø20±mm', 'Ø30±mm', '70±5mm', '10±3mm', NULL),
(14, NULL, NULL, NULL, NULL, NULL, NULL, '20±5mm', '9±1/25.4mm', '10+3-1/25.4mm', '10±3mm', 'Ø20±mm', 'Ø30±mm', '75±5mm', '10±3mm', NULL),
(15, NULL, NULL, NULL, NULL, NULL, NULL, NULL, '10±1/25.4mm', NULL, NULL, NULL, NULL, NULL, NULL, 'Single Lock Min 12mm, Single Lock Min 12mm'),
(16, NULL, NULL, NULL, NULL, NULL, NULL, NULL, '10±1/25.4mm', NULL, NULL, NULL, NULL, NULL, NULL, 'Tether Anchor 67.8+3/0mm, TAB 간 거리 202.8+3/0mm,258±10mm,225±10mm,175±10mm,240±10mm,722±10mm,235±10mm,225±10mm'),
(17, NULL, NULL, NULL, NULL, NULL, NULL, NULL, '10±1/25.4mm', NULL, NULL, NULL, NULL, NULL, NULL, 'Tether Anchor 67.8+3/0mm, TAB 간 거리 202.8+3/0mm,258±10mm,225±10mm,175±10mm,240±10mm,722±10mm,235±10mm,225±10mm'),
(18, '20±1mm', NULL, NULL, NULL, NULL, NULL, NULL, '10±1/25.4mm', '10+3-1/25.4mm', NULL, NULL, NULL, NULL, NULL, 'Tether overlap,15±5mm,Stap,44±4mm,Folding,280+10-5mm,Chain Sewing(외주)20±3mm,Chain Sewing 직선,30±3mm'),
(19, '20±1mm', NULL, NULL, NULL, NULL, NULL, NULL, '10±1/25.4mm', '10+3-1/25.4mm', NULL, NULL, NULL, NULL, NULL, 'Tether overlap,15±5mm,Stap,44±4mm,Folding,280+10-5mm,Chain Sewing(외주)20±3mm,Chain Sewing 직선,30±3mm'),
(20, '55±1mm', '80±2mm', '100±2mm', 'MAX(105)mm', 'MAX(210)mm', 'MAX(90)mm', NULL, NULL, NULL, NULL, NULL, NULL, NULL, NULL, NULL),
(21, '45±1mm', '70±2mm', '90±2mm', 'MAX(105)mm', 'MAX(210)mm
', 'MAX(90)mm', NULL, NULL, NULL, NULL, NULL, NULL, NULL, NULL, NULL),
(22, NULL, NULL, NULL, NULL, NULL, NULL, NULL, '9+3-1/25mm', NULL, NULL, NULL, NULL, NULL, NULL, 'Tether Anchor 67.8+3/0mm, TAB 간 거리 202.8+3/0mm,258±10mm,225±10mm,175±10mm,240±10mm,722±10mm,235±10mm,225±10mm'),
(23, NULL, NULL, NULL, NULL, NULL, NULL, NULL, '9+3-1/25mm', NULL, NULL, NULL, NULL, NULL, NULL, 'Tether Anchor 67.8+3/0mm, TAB 간 거리 202.8+3/0mm,258±10mm,225±10mm,175±10mm,240±10mm,722±10mm,235±10mm,225±10mm'),
(24, '45±1mm', '80±2mm', '100±2mm', 'MAX(110)mm', 'MAX(200)mm', 'MAX(90)mm', NULL, NULL, NULL, NULL, NULL, NULL, NULL, NULL, NULL),
(25, '25±1mm', '60±3mm', NULL, '(120 +5 -10)mm', '(120 +5 -10)mm', '(55 +10 -5)mm', NULL, NULL, NULL, NULL, NULL, NULL, NULL, NULL, NULL),
(26, '45±1mm', '70±2mm', '90±2mm', 'MAX(110)mm', 'MAX(200)mm', 'MAX(90)mm', NULL, NULL, NULL, NULL, NULL, NULL, NULL, NULL, NULL);

DROP TABLE IF EXISTS DEFECTIVE_CAT;
CREATE TABLE `DEFECTIVE_CAT` (
  `no` int(11) NOT NULL,
  `CATEGORY` varchar(30) NOT NULL,
  `level` int(11) DEFAULT NULL,
  `etc` varchar(50) DEFAULT NULL,
  PRIMARY KEY (`CATEGORY`)
) ENGINE=InnoDB DEFAULT CHARSET=utf8;

INSERT INTO DEFECTIVE_CAT (no, CATEGORY, level, etc) VALUES
(5, '검수', NULL, NULL),
(7, '기타', NULL, NULL),
(3, '봉재불량', NULL, NULL),
(6, '외주', NULL, NULL),
(1, '원단불량', NULL, NULL),
(4, '장비불량', NULL, NULL),
(2, '재단불량', NULL, NULL);

DROP TABLE IF EXISTS BARCODE_COUNT;
CREATE TABLE `BARCODE_COUNT` (
  `NO` int(11) NOT NULL AUTO_INCREMENT,
  `PROCESS_CODE` varchar(30) NOT NULL,
  `PRODUCT_CODE` varchar(30) DEFAULT NULL,
  `PRODUCT_CODE_REV` varchar(2) DEFAULT NULL,
  `LAST_SERIAL_NUMBER` int(10) DEFAULT NULL,
  `BARCODE_COUNT` varchar(10) NOT NULL DEFAULT '0',
  PRIMARY KEY (`NO`),
  UNIQUE KEY `PRODUCT_BARCODE` (`PRODUCT_CODE`),
  KEY `PRODUCT_CODE` (`PRODUCT_CODE`)
) ENGINE=InnoDB AUTO_INCREMENT=73 DEFAULT CHARSET=utf8;

INSERT INTO BARCODE_COUNT (NO, PROCESS_CODE, PRODUCT_CODE, PRODUCT_CODE_REV, LAST_SERIAL_NUMBER, BARCODE_COUNT) VALUES
(26, 'KABL230000K2024101370', 'KABL230050C%2000241013', NULL, 4, '0'),
(45, 'KABL230000K2024101370', 'KABL230050C%2000241014', NULL, 2, '0'),
(47, 'KABL230000K2024101370', 'KABL230050C%2000241017', NULL, 3, '0'),
(49, 'KACL230090K2024102514', 'KACL230090K%2000241029', NULL, 71, '0'),
(50, 'KABL230080K-12024123198', 'KABL230080K-1', NULL, 5, '5'),
(63, 'KACL231040K-220250105110', 'KACL231040K-2', NULL, 10, '10'),
(64, 'KACL231040K-220250105110', NULL, NULL, NULL, '10'),
(65, 'KACL231040K-220250105110', NULL, NULL, NULL, '10'),
(66, 'KACL231040K-220250105110', NULL, NULL, NULL, '1'),
(67, 'KACL231040K-220250105110', NULL, NULL, NULL, '100'),
(68, 'KACL231040K-220250105110', NULL, NULL, NULL, '100'),
(69, 'KACL231040K-220250105110', NULL, NULL, NULL, '70'),
(70, 'KACL231040K-220250105110', NULL, NULL, NULL, '4'),
(71, 'KACL231040K-220250105110', NULL, NULL, NULL, '2'),
(72, 'KACL231040K-220250105110', NULL, NULL, NULL, '3');

DROP TABLE IF EXISTS BOX;
CREATE TABLE `BOX` (
  `NO` int(11) NOT NULL AUTO_INCREMENT,
  `PROCESSCODE` varchar(50) DEFAULT NULL,
  `LOT` varchar(30) DEFAULT NULL,
  `BOX_NO` int(11) DEFAULT NULL,
  `BARCODE_COUNT` int(10) DEFAULT 0,
  `CREATE_DATE` timestamp NOT NULL DEFAULT current_timestamp(),
  `OUT_DATE` date DEFAULT NULL,
  `STATE` int(10) NOT NULL DEFAULT 0,
  PRIMARY KEY (`NO`)
) ENGINE=InnoDB DEFAULT CHARSET=utf8;

DROP TABLE IF EXISTS DAYS_PRODUCTION;
CREATE TABLE `DAYS_PRODUCTION` (
  `NO` int(11) NOT NULL AUTO_INCREMENT,
  `PRODUCTION_PART` int(11) NOT NULL,
  `COUNT` int(11) NOT NULL,
  `WORKERS_COUNT` int(10) NOT NULL,
  `REG_DATE` date DEFAULT NULL,
  `REG_ACCOUNT` int(11) NOT NULL,
  PRIMARY KEY (`NO`)
) ENGINE=InnoDB AUTO_INCREMENT=254 DEFAULT CHARSET=utf8;

INSERT INTO DAYS_PRODUCTION (NO, PRODUCTION_PART, COUNT, WORKERS_COUNT, REG_DATE, REG_ACCOUNT) VALUES
(1, 3, 700, 1, '2024-11-01', 2),
(2, 3, 300, 1, '2024-11-07', 2),
(3, 3, 200, 1, '2024-11-08', 2),
(4, 4, 300, 1, '2024-11-01', 2),
(5, 4, 200, 1, '2024-11-07', 2),
(6, 6, 400, 1, '2024-11-04', 2),
(7, 6, 400, 1, '2024-11-05', 2),
(8, 6, 200, 1, '2024-11-06', 2),
(9, 3, 300, 1, '2024-11-18', 2),
(10, 3, 200, 1, '2024-11-19', 2),
(11, 3, 500, 1, '2024-11-20', 2),
(12, 3, 300, 1, '2024-11-21', 2),
(13, 6, 300, 1, '2024-11-19', 2),
(14, 6, 300, 1, '2024-11-20', 2),
(15, 6, 300, 1, '2024-11-21', 2),
(16, 8, 120, 1, '2024-11-13', 2),
(17, 8, 120, 1, '2024-11-14', 2),
(18, 8, 120, 1, '2024-11-15', 2),
(19, 3, 300, 1, '2024-11-22', 2),
(20, 3, 200, 1, '2024-11-25', 2),
(21, 3, 500, 1, '2024-11-26', 2),
(22, 4, 600, 1, '2024-12-02', 2),
(23, 6, 100, 1, '2024-11-22', 2),
(24, 6, 100, 1, '2024-11-25', 2),
(25, 6, 400, 1, '2024-11-27', 2),
(26, 6, 300, 1, '2024-11-28', 2),
(27, 8, 240, 1, '2024-11-26', 2),
(28, 8, 180, 1, '2024-11-29', 2),
(29, 8, 120, 1, '2024-12-02', 2),
(30, 3, 300, 1, '2024-12-03', 2),
(31, 4, 200, 1, '2024-12-03', 2),
(32, 4, 500, 1, '2024-12-04', 2),
(33, 4, 300, 1, '2024-12-05', 2),
(34, 4, 200, 1, '2024-12-06', 2),
(35, 4, 400, 1, '2024-12-07', 2),
(36, 4, 300, 1, '2024-12-09', 2),
(37, 4, 400, 1, '2024-12-10', 2),
(38, 6, 300, 1, '2024-12-05', 2),
(39, 6, 400, 1, '2024-12-06', 2),
(40, 4, 400, 1, '2024-12-11', 2),
(41, 4, 200, 1, '2024-12-12', 2),
(42, 4, 600, 1, '2024-12-16', 2),
(43, 4, 500, 1, '2024-12-17', 2),
(44, 4, 300, 1, '2024-12-18', 2),
(45, 6, 400, 1, '2024-12-13', 2),
(46, 6, 100, 1, '2024-12-14', 2),
(47, 6, 200, 1, '2024-12-17', 2),
(48, 6, 200, 1, '2024-12-18', 2),
(49, 8, 200, 1, '2024-12-12', 2),
(50, 8, 100, 1, '2024-12-13', 2),
(51, 8, 360, 1, '2024-12-14', 2),
(52, 4, 500, 1, '2024-12-19', 2),
(53, 4, 400, 1, '2024-12-20', 2),
(54, 3, 600, 1, '2024-12-21', 2),
(55, 6, 600, 1, '2024-12-24', 2),
(56, 3, 400, 1, '2024-12-24', 2),
(57, 6, 400, 1, '2024-12-26', 2),
(58, 6, 300, 1, '2024-12-27', 2),
(59, 1, 100, 1, '2024-11-05', 2),
(60, 1, 100, 1, '2024-11-06', 2),
(61, 1, 100, 1, '2024-11-08', 2),
(62, 2, 100, 1, '2024-11-04', 2),
(63, 2, 100, 1, '2024-12-06', 2),
(64, 2, 100, 1, '2024-11-08', 2),
(65, 1, 100, 1, '2024-11-11', 2),
(66, 1, 50, 1, '2024-11-12', 2),
(67, 1, 100, 1, '2024-11-13', 2),
(68, 1, 100, 1, '2024-11-14', 2),
(69, 1, 100, 1, '2024-11-15', 2),
(70, 1, 50, 1, '2024-11-18', 2),
(71, 2, 100, 1, '2024-11-12', 2),
(72, 2, 100, 1, '2024-11-13', 2),
(73, 2, 100, 1, '2024-11-14', 2),
(74, 2, 100, 1, '2024-11-15', 2),
(75, 2, 100, 1, '2024-11-18', 2),
(76, 1, 150, 1, '2024-11-19', 2),
(77, 1, 50, 1, '2024-11-20', 2),
(78, 1, 100, 1, '2024-11-21', 2),
(79, 1, 50, 1, '2024-11-22', 2),
(80, 2, 100, 1, '2024-11-20', 2),
(81, 2, 100, 1, '2024-11-21', 2),
(82, 2, 150, 1, '2024-11-22', 2),
(83, 1, 100, 1, '2024-11-25', 2),
(84, 2, 100, 1, '2024-11-25', 2),
(85, 1, 100, 1, '2024-11-26', 2),
(86, 2, 100, 1, '2024-11-26', 2),
(87, 1, 100, 1, '2024-11-27', 2),
(88, 2, 100, 1, '2024-11-27', 2),
(89, 1, 200, 1, '2024-12-28', 2),
(90, 2, 100, 1, '2024-11-28', 2),
(91, 1, 100, 1, '2024-11-29', 2),
(92, 2, 100, 1, '2024-11-29', 2),
(93, 1, 100, 1, '2024-12-02', 2),
(94, 2, 100, 1, '2024-12-02', 2),
(95, 1, 100, 1, '2024-12-03', 2),
(96, 2, 100, 1, '2024-12-03', 2),
(97, 1, 100, 1, '2024-12-04', 2),
(98, 2, 200, 1, '2024-12-04', 2),
(99, 1, 100, 1, '2024-12-05', 2),
(100, 2, 100, 1, '2024-12-05', 2),
(101, 1, 100, 1, '2024-12-06', 2),
(102, 2, 100, 1, '2024-12-06', 2),
(103, 1, 100, 1, '2024-12-09', 2),
(104, 2, 100, 1, '2024-12-09', 2),
(105, 1, 100, 1, '2024-12-10', 2),
(106, 2, 100, 1, '2024-12-10', 2),
(107, 1, 100, 1, '2024-12-11', 2),
(108, 2, 100, 1, '2024-12-11', 2),
(109, 1, 100, 1, '2024-12-12', 2),
(110, 2, 100, 1, '2024-12-12', 2),
(111, 1, 200, 1, '2024-12-13', 2),
(112, 2, 100, 1, '2024-12-13', 2),
(113, 1, 50, 1, '2024-12-16', 2),
(114, 2, 150, 1, '2024-12-16', 2),
(115, 1, 100, 1, '2024-12-17', 2),
(116, 2, 50, 1, '2024-12-17', 2),
(117, 1, 50, 1, '2024-12-18', 2),
(118, 2, 150, 1, '2024-12-18', 2),
(119, 1, 100, 1, '2024-12-19', 2),
(120, 2, 50, 1, '2024-12-19', 2),
(121, 1, 100, 1, '2024-12-20', 2),
(122, 2, 100, 1, '2024-12-20', 2),
(123, 2, 150, 1, '2024-12-23', 2),
(124, 1, 100, 1, '2024-12-24', 2),
(125, 2, 100, 1, '2024-12-26', 2),
(126, 5, 120, 1, '2024-11-18', 2),
(127, 5, 120, 1, '2024-11-19', 2),
(128, 7, 60, 1, '2024-11-18', 2),
(129, 7, 60, 1, '2024-11-19', 2),
(130, 5, 400, 1, '2024-11-25', 2),
(131, 7, 150, 1, '2024-11-25', 2),
(132, 5, 320, 1, '2024-11-26', 2),
(133, 7, 150, 1, '2024-11-26', 2),
(134, 7, 180, 1, '2024-12-24', 2),
(135, 5, 370, 1, '2024-12-24', 2),
(136, 7, 300, 1, '2024-12-26', 2),
(137, 5, 170, 1, '2024-12-26', 2),
(138, 7, 310, 1, '2024-12-27', 2),
(139, 5, 500, 1, '2024-12-27', 2),
(140, 5, 300, 1, '2024-11-27', 2),
(141, 7, 150, 1, '2024-11-27', 2),
(142, 7, 150, 1, '2024-11-28', 2),
(143, 5, 150, 1, '2024-11-28', 2),
(144, 5, 130, 1, '2024-11-29', 2),
(145, 6, 180, 1, '2024-11-29', 2),
(146, 5, 300, 1, '2024-12-02', 2),
(147, 7, 150, 1, '2024-12-02', 2),
(148, 5, 400, 1, '2024-12-03', 2),
(149, 5, 400, 1, '2024-12-04', 2),
(150, 7, 150, 1, '2024-12-04', 2),
(151, 5, 330, 1, '2024-12-05', 2),
(152, 7, 24, 1, '2024-12-05', 2),
(153, 5, 200, 1, '2024-12-06', 2),
(154, 5, 300, 1, '2024-12-09', 2),
(155, 7, 180, 1, '2024-12-09', 2),
(156, 4, 300, 1, '2024-12-10', 2),
(157, 7, 150, 1, '2024-12-10', 2),
(158, 5, 400, 1, '2024-12-11', 2),
(159, 7, 180, 1, '2024-12-11', 2),
(160, 5, 315, 1, '2024-12-12', 2),
(161, 7, 114, 1, '2024-12-12', 2),
(162, 4, 400, 1, '2024-12-13', 2),
(163, 5, 400, 1, '2024-12-14', 2),
(164, 5, 400, 1, '2024-12-16', 2),
(165, 5, 400, 1, '2024-12-17', 2),
(166, 5, 430, 1, '2024-12-18', 2),
(167, 5, 330, 1, '2024-12-19', 2),
(168, 7, 100, 1, '2024-11-21', 2),
(169, 7, 120, 1, '2024-11-22', 2),
(170, 7, 150, 1, '2024-11-24', 2),
(171, 7, 180, 1, '2024-11-25', 2),
(172, 5, 100, 1, '2024-11-08', 2),
(173, 5, 120, 1, '2024-11-11', 2),
(174, 5, 120, 1, '2024-11-12', 2),
(175, 7, 120, 1, '2024-11-14', 2),
(176, 7, 90, 1, '2024-11-15', 2),
(177, 5, 250, 1, '2024-11-15', 2),
(178, 7, 150, 1, '2024-11-01', 2),
(179, 5, 100, 1, '2024-11-01', 2),
(180, 9, 100, 1, '2024-11-04', 2),
(181, 5, 100, 1, '2024-11-05', 2),
(182, 7, 100, 1, '2024-11-06', 2),
(183, 5, 100, 1, '2024-11-07', 2),
(184, 25, 60, 1, '2024-11-25', 2),
(185, 25, 60, 1, '2024-11-26', 2),
(186, 25, 60, 1, '2024-11-27', 2),
(187, 25, 30, 1, '2024-11-28', 2),
(188, 25, 68, 1, '2024-11-29', 2),
(189, 25, 70, 1, '2024-11-30', 2),
(190, 21, 80, 1, '2024-11-25', 2),
(191, 11, 112, 1, '2024-12-26', 2),
(192, 11, 67, 1, '2024-11-27', 2),
(193, 11, 121, 1, '2024-11-28', 2),
(194, 16, 168, 1, '2024-11-29', 2),
(195, 11, 160, 1, '2024-11-30', 2),
(196, 25, 64, 1, '2024-12-03', 2),
(197, 25, 64, 1, '2024-12-03', 2),
(198, 25, 64, 1, '2024-12-04', 2),
(199, 25, 64, 1, '2024-12-05', 2),
(200, 25, 64, 1, '2024-12-06', 2),
(201, 25, 128, 1, '2024-12-07', 2),
(202, 11, 290, 1, '2024-12-02', 2),
(203, 11, 263, 1, '2024-12-03', 2),
(204, 11, 275, 1, '2024-12-05', 2),
(205, 11, 288, 1, '2024-12-05', 2),
(206, 11, 240, 1, '2024-12-06', 2),
(207, 11, 240, 1, '2024-12-09', 2),
(208, 25, 64, 1, '2024-12-09', 2),
(209, 25, 64, 1, '2024-12-10', 2),
(210, 25, 64, 1, '2024-12-11', 2),
(211, 25, 64, 1, '2024-12-12', 2),
(212, 25, 128, 1, '2024-12-13', 2),
(213, 25, 64, 1, '2024-12-14', 2),
(214, 11, 240, 1, '2024-12-09', 2),
(215, 11, 288, 1, '2024-12-10', 2),
(216, 11, 240, 1, '2024-12-11', 2),
(217, 11, 240, 1, '2024-12-12', 2),
(218, 11, 288, 1, '2024-12-13', 2),
(219, 11, 240, 1, '2024-12-14', 2),
(220, 25, 64, 1, '2024-12-16', 2),
(221, 25, 64, 1, '2024-12-17', 2),
(222, 25, 64, 1, '2024-12-18', 2),
(223, 25, 64, 1, '2024-12-20', 2),
(224, 25, 64, 1, '2024-12-19', 2),
(225, 25, 128, 1, '2024-12-21', 2),
(226, 11, 48, 1, '2024-12-14', 2),
(227, 11, 297, 1, '2024-12-16', 2),
(228, 11, 322, 1, '2024-12-17', 2),
(229, 11, 288, 1, '2024-12-18', 2),
(230, 11, 331, 1, '2024-12-19', 2),
(231, 11, 332, 1, '2024-12-20', 2),
(232, 25, 64, 1, '2024-12-23', 2),
(233, 25, 64, 1, '2024-12-24', 2),
(234, 25, 64, 1, '2024-12-26', 2),
(235, 25, 64, 1, '2024-12-27', 2),
(236, 6, 300, 4, '2025-01-02', 61),
(237, 7, 300, 10, '2025-01-02', 61),
(238, 1, 100, 4, '2025-01-02', 61),
(239, 7, 300, 10, '2025-01-03', 61),
(240, 6, 400, 4, '2025-01-06', 61),
(241, 7, 360, 4, '2025-01-06', 61),
(242, 6, 200, 5, '2025-01-07', 61),
(243, 8, 240, 4, '2025-01-07', 61),
(244, 3, 200, 4, '2025-01-07', 61),
(245, 4, 200, 4, '2025-01-07', 61),
(246, 6, 100, 5, '2025-01-07', 61),
(247, 3, 200, 4, '2025-01-08', 61),
(248, 6, 200, 5, '2025-01-09', 61),
(249, 3, 70, 4, '2025-01-09', 61),
(250, 4, 200, 4, '2025-01-09', 61),
(252, 6, 195, 5, '2025-01-10', 61),
(253, 3, 300, 4, '2025-01-10', 61);

DROP TABLE IF EXISTS DEPARTMENTS;
CREATE TABLE `DEPARTMENTS` (
  `DEPARTMENT_ID` int(11) NOT NULL AUTO_INCREMENT,
  `DEPARTMENT_NAME` varchar(100) DEFAULT NULL,
  `MANAGER_ID` varchar(20) DEFAULT NULL,
  `LOCATION` varchar(100) DEFAULT NULL,
  `CREATED_AT` timestamp NOT NULL DEFAULT current_timestamp() ON UPDATE current_timestamp(),
  `UPDATED_AT` timestamp NOT NULL DEFAULT '0000-00-00 00:00:00',
  PRIMARY KEY (`DEPARTMENT_ID`)
) ENGINE=InnoDB AUTO_INCREMENT=3 DEFAULT CHARSET=utf8;

DROP TABLE IF EXISTS JOBS;
CREATE TABLE `JOBS` (
  `JOB_ID` int(11) NOT NULL AUTO_INCREMENT,
  `JOB_TITLE` varchar(100) DEFAULT NULL,
  `MIN_SALARY` decimal(10,2) DEFAULT NULL,
  `MAX_SALARY` decimal(10,2) DEFAULT NULL,
  `CREATED_AT` timestamp NOT NULL DEFAULT current_timestamp() ON UPDATE current_timestamp(),
  `UPDATED_AT` timestamp NOT NULL DEFAULT '0000-00-00 00:00:00',
  PRIMARY KEY (`JOB_ID`)
) ENGINE=InnoDB AUTO_INCREMENT=5 DEFAULT CHARSET=utf8;

DROP TABLE IF EXISTS BOARD_POST;
CREATE TABLE `BOARD_POST` (
  `POST_ID` int(11) NOT NULL AUTO_INCREMENT,
  `CATEGORY_ID` int(11) DEFAULT NULL,
  `TITLE` varchar(200) NOT NULL,
  `CONTENT` text NOT NULL,
  `AUTHOR_NO` int(11) NOT NULL,
  `VIEW_COUNT` int(11) DEFAULT 0,
  `IS_NOTICE` tinyint(1) DEFAULT 0,
  `IS_DELETE` tinyint(1) DEFAULT 0,
  `CREATED_DATE` datetime DEFAULT current_timestamp(),
  `MODIFIED_DATE` datetime DEFAULT current_timestamp() ON UPDATE current_timestamp(),
  PRIMARY KEY (`POST_ID`),
  KEY `CATEGORY_ID` (`CATEGORY_ID`),
  KEY `AUTHOR_NO` (`AUTHOR_NO`)
) ENGINE=InnoDB AUTO_INCREMENT=33 DEFAULT CHARSET=utf8;

INSERT INTO BOARD_POST (POST_ID, CATEGORY_ID, TITLE, CONTENT, AUTHOR_NO, VIEW_COUNT, IS_NOTICE, IS_DELETE, CREATED_DATE, MODIFIED_DATE) VALUES
(25, 1, '품질 확보 기간 ', '<p>퓸질 확보 기간 선정<br>품질을 개선 활동 기간</p>
<p>&nbsp;</p>', 2, 14, 1, 0, '2024-12-22 01:39:01', '2025-01-06 10:53:21'),
(26, 1, '테스트', '<p>테스트</p>', 2, 0, 0, 0, '2024-12-22 01:46:40', '2024-12-22 01:46:40'),
(27, 2, '자유게시판', '<p>자유게시판</p>', 2, 4, 0, 0, '2024-12-22 01:47:04', '2024-12-22 01:54:16'),
(28, 1, '공지1', '<p>공지1</p>', 2, 0, 0, 0, '2024-12-22 01:47:18', '2024-12-22 01:47:18'),
(29, 1, '공지 체크', '<p>공지 체크</p>', 2, 1, 1, 0, '2024-12-22 01:47:52', '2024-12-22 04:31:10'),
(30, 2, '자유게시판 공지 등록', '<p>자유게시판 공지 등록</p>', 2, 1, 1, 0, '2024-12-22 01:48:25', '2025-01-02 23:15:26'),
(31, 1, 'test11', '<p>test11</p>', 2, 2, 0, 0, '2024-12-22 02:03:21', '2024-12-22 02:03:32'),
(32, 2, 'test', '<p>test</p>', 2, 0, 0, 0, '2024-12-22 03:14:11', '2024-12-22 03:14:11');

DROP TABLE IF EXISTS DEFECTIVE_DATA;
CREATE TABLE `DEFECTIVE_DATA` (
  `no` int(11) NOT NULL AUTO_INCREMENT,
  `DATE` date NOT NULL,
  `PART` varchar(20) NOT NULL,
  `CATEGORY` varchar(30) NOT NULL,
  `SUB_CATEGORY` varchar(30) NOT NULL,
  `COUNT` int(11) NOT NULL,
  `SUM` int(11) DEFAULT NULL,
  `ETC` varchar(30) DEFAULT NULL,
  `CREATED_DATE` timestamp NOT NULL DEFAULT current_timestamp(),
  PRIMARY KEY (`no`),
  KEY `fk_CATEGORY` (`CATEGORY`),
  KEY `fk_SUB_CATEGORY` (`SUB_CATEGORY`),
  KEY `fk_part` (`PART`)
) ENGINE=InnoDB AUTO_INCREMENT=196 DEFAULT CHARSET=utf8;

INSERT INTO DEFECTIVE_DATA (no, DATE, PART, CATEGORY, SUB_CATEGORY, COUNT, SUM, ETC, CREATED_DATE) VALUES
(1, '2024-04-15', 'KAB', '장비불량', '체인불량', 4, NULL, NULL, '2024-04-29 08:08:38'),
(2, '2024-04-01', 'SAB', '재단불량', '탭커팅', 1, NULL, NULL, '2024-04-29 08:09:38'),
(3, '2024-04-01', 'KAB', '원단불량', '원단오염', 5, NULL, NULL, '2024-04-29 08:10:38'),
(4, '2024-04-01', 'KAB', '봉재불량', '밑실부족', 15, NULL, NULL, '2024-04-29 08:11:38'),
(5, '2024-04-01', 'DAB', '장비불량', '체인불량', 3, NULL, NULL, '2024-04-29 08:12:38'),
(6, '2024-04-01', 'DAB', '원단불량', '원단오염', 1, NULL, NULL, '2024-04-29 08:13:38'),
(7, '2024-04-02', 'KAB', '봉재불량', '밑실부족', 26, NULL, NULL, '2024-04-29 08:14:38'),
(8, '2024-04-02', 'KAB', '원단불량', '원단오염', 8, NULL, NULL, '2024-04-29 08:15:38'),
(9, '2024-04-02', 'KAB', '재단불량', '벤트홀불량', 1, NULL, NULL, '2024-04-29 08:16:38'),
(10, '2024-04-02', 'KAB', '장비불량', '땀뜸', 1, NULL, NULL, '2024-04-29 08:17:38'),
(11, '2024-04-02', 'DAB', '원단불량', '원단오염', 1, NULL, NULL, '2024-04-29 08:18:38'),
(12, '2024-04-02', 'DAB', '장비불량', '체인불량', 1, NULL, NULL, '2024-04-29 08:19:38'),
(13, '2024-04-03', 'DAB', '장비불량', '체인불량', 1, NULL, NULL, '2024-04-29 08:20:38'),
(14, '2024-04-03', 'KAB', '봉재불량', '밑실부족', 32, NULL, NULL, '2024-04-29 08:21:38'),
(15, '2024-04-03', 'KAB', '원단불량', '원단손상', 3, NULL, NULL, '2024-04-29 08:22:38'),
(16, '2024-04-03', 'KAB', '장비불량', '땀뜸', 5, NULL, NULL, '2024-04-29 08:23:38'),
(18, '2024-04-04', 'KAB', '장비불량', '땀뜸', 5, NULL, NULL, '2024-04-29 08:25:38'),
(19, '2024-04-04', 'KAB', '봉재불량', '밑실부족', 15, NULL, NULL, '2024-04-29 08:26:38'),
(20, '2024-04-04', 'KAB', '원단불량', '원단오염', 3, NULL, NULL, '2024-04-29 08:27:38'),
(21, '2024-04-04', 'KAB', '장비불량', '체인불량', 4, NULL, NULL, '2024-04-29 08:28:38'),
(22, '2024-04-04', 'KAB', '봉재불량', '부품추가', 1, NULL, NULL, '2024-04-29 08:29:38'),
(24, '2024-04-05', 'KAB', '원단불량', '원단오염', 4, NULL, NULL, '2024-04-29 08:31:38'),
(25, '2024-04-05', 'KAB', '봉재불량', '밑실부족', 5, NULL, NULL, '2024-04-29 08:32:38'),
(26, '2024-04-05', 'KAB', '봉재불량', '접힘', 1, NULL, NULL, '2024-04-29 08:33:38'),
(27, '2024-04-05', 'SAB', '장비불량', '체인불량', 4, NULL, NULL, '2024-04-29 08:34:38'),
(28, '2024-04-05', 'KAB', '장비불량', '원점이탈', 6, NULL, NULL, '2024-04-29 08:35:38'),
(29, '2024-04-05', 'SAB', '장비불량', '원점이탈', 6, NULL, NULL, '2024-04-29 08:36:38'),
(30, '2024-04-08', 'KAB', '원단불량', '원단손상', 9, NULL, NULL, '2024-04-29 08:37:38'),
(31, '2024-04-08', 'KAB', '원단불량', '원단오염', 2, NULL, NULL, '2024-04-29 08:38:38'),
(32, '2024-04-08', 'KAB', '봉재불량', '실끓어짐', 7, NULL, NULL, '2024-04-29 08:39:38'),
(33, '2024-04-08', 'KAB', '장비불량', '체인불량', 5, NULL, NULL, '2024-04-29 08:40:38'),
(34, '2024-04-08', 'KAB', '장비불량', '땀뜸', 13, NULL, NULL, '2024-04-29 08:41:38'),
(35, '2024-04-08', 'KAB', '장비불량', '실끓어짐', 4, NULL, NULL, '2024-04-29 08:42:38'),
(36, '2024-04-09', 'KAB', '원단불량', '원단손상', 4, NULL, NULL, '2024-04-29 08:43:38'),
(37, '2024-04-09', 'SAB', '원단불량', '원단오염', 3, NULL, NULL, '2024-04-29 08:44:38'),
(38, '2024-04-09', 'KAB', '재단불량', '벤트홀불량', 1, NULL, NULL, '2024-04-29 08:45:38'),
(39, '2024-04-09', 'KAB', '봉재불량', '밑실부족', 4, NULL, NULL, '2024-04-29 08:46:38'),
(40, '2024-04-09', 'KAB', '봉재불량', '접힘', 1, NULL, NULL, '2024-04-29 08:47:38'),
(41, '2024-04-09', 'KAB', '장비불량', '체인불량', 5, NULL, NULL, '2024-04-29 08:48:38'),
(42, '2024-04-09', 'KAB', '장비불량', '땀뜸', 1, NULL, NULL, '2024-04-29 08:49:38'),
(43, '2024-04-09', 'KAB', '장비불량', '원점이탈', 12, NULL, NULL, '2024-04-29 08:50:38'),
(44, '2024-04-09', 'KAB', '봉재불량', '실끓어짐', 7, NULL, NULL, '2024-04-29 08:51:38'),
(45, '2024-04-09', 'KAB', '장비불량', '땀뜸', 3, NULL, NULL, '2024-04-29 08:52:38'),
(46, '2024-04-09', 'KAB', '장비불량', '체인불량', 2, NULL, NULL, '2024-04-29 08:53:38'),
(48, '2024-04-09', 'SAB', '원단불량', '원단오염', 1, NULL, NULL, '2024-04-29 08:55:38'),
(49, '2024-04-09', 'SAB', '봉재불량', '심벤트불량', 5, NULL, NULL, '2024-04-29 08:56:38'),
(50, '2024-04-11', 'SAB', '원단불량', '원단오염', 3, NULL, NULL, '2024-04-29 08:57:38'),
(51, '2024-04-11', 'DAB', '원단불량', '원단오염', 1, NULL, NULL, '2024-04-29 08:58:38'),
(52, '2024-04-11', 'DAB', '재단불량', '탭커팅', 1, NULL, NULL, '2024-04-29 08:59:38'),
(53, '2024-04-11', 'SAB', '봉재불량', '밑실부족', 1, NULL, NULL, '2024-04-29 09:00:38'),
(54, '2024-04-11', 'SAB', '장비불량', '실끓어짐', 1, NULL, NULL, '2024-04-29 09:01:38'),
(55, '2024-04-11', 'DAB', '장비불량', '실끓어짐', 1, NULL, NULL, '2024-04-29 09:02:38'),
(56, '2024-04-11', 'SAB', '장비불량', '체인불량', 3, NULL, NULL, '2024-04-29 09:03:38'),
(57, '2024-04-11', 'DAB', '장비불량', '체인불량', 3, NULL, NULL, '2024-04-29 09:04:38'),
(58, '2024-04-11', 'SAB', '봉재불량', '밑실부족', 6, NULL, NULL, '2024-04-29 09:05:38'),
(59, '2024-04-11', 'SAB', '장비불량', '밑실끓어짐', 4, NULL, NULL, '2024-04-29 09:06:38'),
(60, '2024-04-11', 'DAB', '장비불량', '체인불량', 6, NULL, NULL, '2024-04-29 09:07:38'),
(61, '2024-04-12', 'SAB', '원단불량', '원단오염', 1, NULL, NULL, '2024-04-29 09:08:38'),
(62, '2024-04-12', 'KAB', '원단불량', '원단오염', 1, NULL, NULL, '2024-04-29 09:09:38'),
(63, '2024-04-12', 'DAB', '봉재불량', '마감봉재', 1, NULL, NULL, '2024-04-29 09:10:38'),
(64, '2024-04-12', 'KAB', '봉재불량', '접힘', 3, NULL, NULL, '2024-04-29 09:11:38'),
(65, '2024-04-12', 'KAB', '장비불량', '체인불량', 1, NULL, NULL, '2024-04-29 09:12:38'),
(66, '2024-04-12', 'SAB', '장비불량', '체인불량', 1, NULL, NULL, '2024-04-29 09:13:38'),
(67, '2024-04-12', 'SAB', '장비불량', '체인불량', 1, NULL, NULL, '2024-04-29 09:14:38'),
(68, '2024-04-12', 'SAB', '장비불량', '밑실끓어짐', 10, NULL, NULL, '2024-04-29 09:15:38'),
(69, '2024-04-15', 'SAB', '원단불량', '원단손상', 2, NULL, NULL, '2024-04-29 09:16:38'),
(70, '2024-04-15', 'SAB', '장비불량', '접힘', 1, NULL, NULL, '2024-04-29 09:17:38'),
(71, '2024-04-15', 'KAB', '장비불량', '체인불량', 1, NULL, NULL, '2024-04-29 09:18:38'),
(72, '2024-04-15', 'KAB', '장비불량', '밑실불량', 5, NULL, NULL, '2024-04-29 09:19:38'),
(73, '2024-04-15', 'SAB', '장비불량', '밑실끓어짐', 8, NULL, NULL, '2024-04-29 09:20:38'),
(74, '2024-04-15', 'SAB', '장비불량', '체인불량', 1, NULL, NULL, '2024-04-29 09:21:38'),
(75, '2024-04-15', 'SAB', '봉재불량', '부품추가', 2, NULL, NULL, '2024-04-29 09:22:38'),
(76, '2024-04-16', 'SAB', '원단불량', '원단오염', 11, NULL, NULL, '2024-04-29 09:23:38'),
(77, '2024-04-16', 'SAB', '장비불량', '밑실불량', 7, NULL, NULL, '2024-04-29 09:24:38'),
(78, '2024-04-16', 'SAB', '장비불량', '밑실불량', 1, NULL, NULL, '2024-04-29 09:25:38'),
(79, '2024-04-16', 'SAB', '봉재불량', '밑실부족', 1, NULL, NULL, '2024-04-29 09:26:38'),
(80, '2024-04-16', 'SAB', '재단불량', '벤트홀불량', 10, NULL, NULL, '2024-04-29 09:27:38'),
(81, '2024-04-16', 'SAB', '장비불량', '밑실끓어짐', 3, NULL, NULL, '2024-04-29 09:28:38'),
(82, '2024-04-17', 'SAB', '원단불량', '원단손상', 4, NULL, NULL, '2024-04-29 09:29:38'),
(83, '2024-04-17', 'SAB', '원단불량', '원단손상', 4, NULL, NULL, '2024-04-29 09:30:38'),
(84, '2024-04-17', 'SAB', '봉재불량', '밑실부족', 3, NULL, NULL, '2024-04-29 09:31:38'),
(85, '2024-04-17', 'KAB', '봉재불량', '밑실부족', 3, NULL, NULL, '2024-04-29 09:32:38'),
(86, '2024-04-17', 'SAB', '봉재불량', '접힘', 1, NULL, NULL, '2024-04-29 09:33:38'),
(87, '2024-04-17', 'SAB', '장비불량', '밑실불량', 6, NULL, NULL, '2024-04-29 09:34:38'),
(88, '2024-04-17', 'KAB', '장비불량', '밑실불량', 7, NULL, NULL, '2024-04-29 09:35:38'),
(89, '2024-04-17', 'KAB', '장비불량', '체인불량', 4, NULL, NULL, '2024-04-29 09:36:38'),
(90, '2024-04-18', 'SAB', '장비불량', '체인불량', 6, NULL, NULL, '2024-04-29 09:37:38'),
(91, '2024-04-18', 'KAB', '장비불량', '밑실불량', 7, NULL, NULL, '2024-04-29 09:38:38'),
(92, '2024-04-18', 'KAB', '봉재불량', '이탈', 1, NULL, NULL, '2024-04-29 09:39:38'),
(93, '2024-04-18', 'KAB', '장비불량', '체인불량', 1, NULL, NULL, '2024-04-29 09:40:38'),
(94, '2024-04-18', 'KAB', '장비불량', '원점이탈', 2, NULL, NULL, '2024-04-29 09:41:38'),
(95, '2024-04-18', 'CENTER', '장비불량', '체인불량', 1, NULL, NULL, '2024-04-29 09:42:38'),
(96, '2024-04-18', 'SAB', '봉재불량', '접힘', 23, NULL, NULL, '2024-04-29 09:43:38'),
(97, '2024-04-19', 'KAB', '원단불량', '원단손상', 3, NULL, NULL, '2024-04-29 09:44:38'),
(98, '2024-04-19', 'CENTER', '원단불량', '원단손상', 1, NULL, NULL, '2024-04-29 09:45:38'),
(99, '2024-04-19', 'SAB', '재단불량', '탭커팅', 8, NULL, NULL, '2024-04-29 09:46:38'),
(100, '2024-04-19', 'KAB', '재단불량', '탭커팅', 1, NULL, NULL, '2024-04-29 09:47:38'),
(101, '2024-04-19', 'CENTER', '봉재불량', '마감봉재', 1, NULL, NULL, '2024-04-29 09:48:38'),
(102, '2024-04-19', 'KAB', '장비불량', '체인불량', 2, NULL, NULL, '2024-04-29 09:49:38'),
(103, '2024-04-19', 'CENTER', '장비불량', '체인불량', 2, NULL, NULL, '2024-04-29 09:50:38'),
(104, '2024-04-19', 'KAB', '봉재불량', '접힘', 1, NULL, NULL, '2024-04-29 09:51:38'),
(105, '2024-04-19', 'CENTER', '장비불량', '땀뜸', 4, NULL, NULL, '2024-04-29 09:52:38'),
(106, '2024-04-19', 'SAB', '장비불량', '체인불량', 2, NULL, NULL, '2024-04-29 09:53:38'),
(108, '2024-04-22', 'KAB', '원단불량', '원단손상', 1, NULL, NULL, '2024-04-29 09:55:38'),
(109, '2024-04-22', 'KAB', '원단불량', '원단오염', 5, NULL, NULL, '2024-04-29 09:56:38'),
(110, '2024-04-22', 'CENTER', '원단불량', '원단오염', 1, NULL, NULL, '2024-04-29 09:57:38'),
(111, '2024-04-22', 'CENTER', '봉재불량', '밑실부족', 3, NULL, NULL, '2024-04-29 09:58:38'),
(112, '2024-04-22', 'CENTER', '장비불량', '밑실불량', 6, NULL, NULL, '2024-04-29 09:59:38'),
(113, '2024-04-22', 'KAB', '장비불량', '체인불량', 1, NULL, NULL, '2024-04-29 10:00:38'),
(114, '2024-04-22', 'CENTER', '장비불량', '땀뜸', 1, NULL, NULL, '2024-04-29 10:01:38'),
(115, '2024-04-22', 'CENTER', '원단불량', '원단오염', 3, NULL, NULL, '2024-04-29 10:02:38'),
(116, '2024-04-22', 'KAB', '원단불량', '원단오염', 1, NULL, NULL, '2024-04-29 10:03:38'),
(117, '2024-04-23', 'KAB', '원단불량', '원단오염', 1, NULL, NULL, '2024-04-29 10:04:38'),
(118, '2024-04-23', 'KAB', '재단불량', '탭커팅', 4, NULL, NULL, '2024-04-29 10:05:38'),
(119, '2024-04-23', 'KAB', '봉재불량', '밑실부족', 3, NULL, NULL, '2024-04-29 10:06:38'),
(120, '2024-04-23', 'KAB', '장비불량', '체인불량', 1, NULL, NULL, '2024-04-29 10:07:38'),
(121, '2024-04-23', 'KAB', '장비불량', '체인불량', 1, NULL, NULL, '2024-04-29 10:08:38'),
(122, '2024-04-23', 'KAB', '장비불량', '밑실끓어짐', 1, NULL, NULL, '2024-04-29 10:09:38'),
(123, '2024-04-23', 'KAB', '원단불량', '원단손상', 3, NULL, NULL, '2024-04-29 10:10:38'),
(124, '2024-04-23', 'KAB', '장비불량', '밑실불량', 4, NULL, NULL, '2024-04-29 10:11:38'),
(126, '2024-04-24', 'DAB', '원단불량', '원단오염', 6, NULL, NULL, '2024-04-29 10:13:38'),
(127, '2024-04-24', 'CENTER', '원단불량', '원단오염', 2, NULL, NULL, '2024-04-29 10:14:38'),
(128, '2024-04-24', 'KAB', '원단불량', '원단오염', 2, NULL, NULL, '2024-04-29 10:15:38'),
(129, '2024-04-24', 'KAB', '장비불량', '땀뜸', 4, 0, NULL, '2024-04-29 10:16:38'),
(130, '2024-04-24', 'SAB', '장비불량', '땀뜸', 2, 0, NULL, '2024-04-29 10:17:38'),
(131, '2024-04-24', 'DAB', '장비불량', '원점이탈', 1, 0, NULL, '2024-04-29 10:18:38'),
(132, '2024-04-24', 'KAB', '장비불량', '체인불량', 1, 0, NULL, '2024-04-29 10:19:38'),
(133, '2024-04-25', 'DAB', '원단불량', '원단오염', 2, 0, NULL, '2024-04-29 10:20:38'),
(134, '2024-04-25', 'DAB', '봉재불량', '이탈', 2, 0, NULL, '2024-04-29 10:21:38'),
(135, '2024-04-25', 'DAB', '장비불량', '밑실불량', 2, 0, NULL, '2024-04-29 10:22:38'),
(136, '2024-04-25', 'DAB', '원단불량', '원단오염', 1, NULL, NULL, '2024-04-29 10:23:38'),
(137, '2024-04-25', 'KAB', '재단불량', '벤트홀불량', 1, NULL, NULL, '2024-04-29 10:24:38'),
(138, '2024-04-25', 'KAB', '장비불량', '체인불량', 1, NULL, NULL, '2024-04-29 10:25:38'),
(139, '2024-04-26', 'KAB', '원단불량', '원단손상', 6, NULL, NULL, '2024-04-29 10:26:38'),
(140, '2024-04-26', 'KAB', '재단불량', '탭커팅', 4, NULL, NULL, '2024-04-29 10:27:38'),
(141, '2024-04-26', 'KAB', '장비불량', '땀뜸', 1, NULL, NULL, '2024-04-29 10:28:38'),
(142, '2024-04-26', 'KAB', '장비불량', '밑실불량', 6, NULL, NULL, '2024-04-29 10:29:38'),
(143, '2024-04-26', 'KAB', '장비불량', '밑실끓어짐', 2, NULL, NULL, '2024-04-29 10:30:38'),
(144, '2024-04-26', 'KAB', '봉재불량', '부품누락', 1, NULL, NULL, '2024-04-29 10:31:38'),
(145, '2024-04-29', 'SAB', '재단불량', '탭커팅', 7, NULL, NULL, '2024-04-29 10:32:38'),
(146, '2024-04-29', 'KAB', '봉재불량', '밑실부족', 1, NULL, NULL, '2024-04-29 10:33:38'),
(147, '2024-04-29', 'SAB', '봉재불량', '이탈', 1, NULL, NULL, '2024-04-29 10:34:38'),
(148, '2024-04-29', 'CENTER', '봉재불량', '이탈', 2, NULL, NULL, '2024-04-29 10:35:38'),
(149, '2024-04-29', 'SAB', '장비불량', '땀뜸', 1, NULL, NULL, '2024-04-29 10:36:38'),
(150, '2024-04-29', 'CENTER', '장비불량', '밑실불량', 4, NULL, NULL, '2024-04-29 10:37:38'),
(151, '2024-04-29', 'KAB', '장비불량', '체인불량', 1, NULL, NULL, '2024-04-29 10:38:38'),
(152, '2024-04-29', 'SAB', '장비불량', '밑실불량', 1, NULL, NULL, '2024-04-29 10:39:38'),
(153, '2024-04-30', 'KAB', '원단불량', '원단손상', 1, NULL, NULL, '2024-04-29 10:40:38'),
(154, '2024-04-30', 'CENTER', '봉재불량', '밑실부족', 2, NULL, NULL, '2024-04-29 10:41:38'),
(155, '2024-04-30', 'SAB', '원단불량', '원단오염', 3, NULL, NULL, '2024-04-29 10:42:38'),
(156, '2024-04-30', 'CENTER', '봉재불량', '접힘', 1, NULL, NULL, '2024-04-29 10:43:38'),
(157, '2024-04-30', 'KAB', '장비불량', '땀뜸', 1, NULL, NULL, '2024-04-29 10:44:38'),
(158, '2024-04-30', 'CENTER', '장비불량', '밑실끓어짐', 2, NULL, NULL, '2024-04-29 10:45:38'),
(159, '2024-04-03', 'KAB', '검수', '미분류', 7, NULL, NULL, '2024-04-29 21:49:57'),
(160, '2024-04-03', 'KAB', '검수', '체인불량', 2, NULL, NULL, '2024-04-29 21:50:52'),
(161, '2024-04-09', 'SAB', '외주', '기타', 2, NULL, NULL, '2024-04-29 21:53:01'),
(162, '2024-04-19', 'SAB', '외주', '외주불량', 1, NULL, NULL, '2024-04-29 21:53:01'),
(163, '2024-04-23', 'KAB', '기타', '기타', 1, NULL, NULL, '2024-04-29 21:53:16'),
(164, '2024-04-30', 'CENTER', '기타', '미분류', 14, NULL, NULL, '2024-04-29 21:53:16'),
(166, '2024-05-02', 'KAB', '원단불량', '원단오염', 4, 0, '', '2024-05-01 23:10:20'),
(167, '2024-05-02', 'SAB', '원단불량', '원단손상', 1, 0, '', '2024-05-01 23:10:42'),
(168, '2024-05-02', 'SAB', '봉재불량', '밑실부족', 1, 0, '', '2024-05-01 23:11:00'),
(169, '2024-05-02', 'SAB', '봉재불량', '부품누락', 1, 0, '', '2024-05-01 23:11:17'),
(170, '2024-05-02', 'SAB', '봉재불량', '부품변경', 14, 0, '부품구분 잘 안됨', '2024-05-01 23:19:39'),
(171, '2024-05-02', 'KAB', '장비불량', '체인불량', 1, 0, '', '2024-05-01 23:20:09'),
(172, '2024-05-02', 'KAB', '장비불량', '밑실끓어짐', 1, 0, '', '2024-05-01 23:20:40'),
(173, '2024-05-03', 'SAB', '원단불량', '원단오염', 2, 0, '', '2024-05-02 23:01:45'),
(174, '2024-05-03', 'SAB', '재단불량', '탭커팅', 2, 0, '', '2024-05-02 23:02:19'),
(175, '2024-05-03', 'CAB', '재단불량', '탭커팅', 1, 0, '', '2024-05-02 23:02:29'),
(176, '2024-05-03', 'KAB', '재단불량', '탭커팅', 1, 0, '', '2024-05-02 23:02:34'),
(177, '2024-05-03', 'SAB', '봉재불량', '밑실부족', 1, 0, '', '2024-05-02 23:02:59'),
(178, '2024-05-03', 'SAB', '장비불량', '밑실불량', 1, 0, '', '2024-05-02 23:03:43'),
(179, '2024-05-03', 'CENTER', '장비불량', '밑실불량', 1, 0, '', '2024-05-02 23:03:50'),
(180, '2024-05-03', 'CENTER', '장비불량', '원점이탈', 9, 0, '', '2024-05-02 23:04:43'),
(181, '2024-05-03', 'SAB', '장비불량', '원점이탈', 1, 0, '', '2024-05-02 23:04:51'),
(183, '2024-05-07', 'CAB', '기타', '기타', 1, 0, '', '2024-05-07 11:33:33'),
(184, '2024-12-23', 'CAB', '기타', '기타', 1, 0, '', '2024-12-23 17:23:54'),
(185, '2024-12-25', 'CENTER', '기타', '기타', 1, 0, '', '2024-12-25 21:32:48'),
(186, '2025-01-02', 'CENTER', '장비불량', '원점이탈', 1, 0, '', '2025-01-02 14:36:39'),
(187, '2025-01-06', 'CENTER', '장비불량', '밑실불량', 4, 0, '', '2025-01-07 10:31:29'),
(188, '2025-01-06', 'CENTER', '원단불량', '원단손상', 1, 0, '', '2025-01-07 10:31:45'),
(189, '2025-01-10', 'SAB', '봉재불량', '밑실부족', 5, 0, '', '2025-01-10 15:34:45'),
(190, '2025-01-10', 'SAB', '봉재불량', '실끓어짐', 1, 0, '', '2025-01-10 15:35:14'),
(191, '2025-01-10', 'SAB', '봉재불량', '실끓어짐', 1, 0, '', '2025-01-10 15:35:29'),
(192, '2025-01-10', 'SAB', '장비불량', '밑실불량', 1, 0, '', '2025-01-10 15:36:19'),
(193, '2025-01-10', 'SAB', '원단불량', '원단손상', 1, 0, '', '2025-01-10 15:36:43'),
(194, '2025-01-10', 'SAB', '원단불량', '원단손상', 1, 0, '', '2025-01-10 15:36:54'),
(195, '2025-01-09', 'CENTER', '장비불량', '밑실불량', 3, 0, '', '2025-01-10 15:37:34');

DROP TABLE IF EXISTS EMPLOYEES;
CREATE TABLE `EMPLOYEES` (
  `EMPLOYEE_ID` varchar(20) NOT NULL,
  `FULL_NAME` varchar(50) DEFAULT NULL,
  `EMAIL` varchar(100) DEFAULT NULL,
  `PHONE` varchar(20) DEFAULT NULL,
  `HIRE_DATE` date DEFAULT NULL,
  `JOB_ID` int(11) DEFAULT NULL,
  `SALARY` decimal(10,2) DEFAULT NULL,
  `DEPARTMENT_ID` int(11) DEFAULT NULL,
  `MANAGER_ID` varchar(20) DEFAULT NULL,
  `EMPLOYEES_STATUS` varchar(10) DEFAULT NULL,
  `CREATED_AT` timestamp NOT NULL DEFAULT current_timestamp() ON UPDATE current_timestamp(),
  `UPDATED_AT` timestamp NOT NULL DEFAULT '0000-00-00 00:00:00',
  PRIMARY KEY (`EMPLOYEE_ID`),
  UNIQUE KEY `EMAIL` (`EMAIL`),
  KEY `DEPARTMENT_ID` (`DEPARTMENT_ID`),
  KEY `JOB_ID` (`JOB_ID`),
  KEY `MANAGER_ID` (`MANAGER_ID`)
) ENGINE=InnoDB DEFAULT CHARSET=utf8;

DROP TABLE IF EXISTS BOARD_ATTACHMENT;
CREATE TABLE `BOARD_ATTACHMENT` (
  `ATTACHMENT_ID` int(11) NOT NULL AUTO_INCREMENT,
  `POST_ID` int(11) NOT NULL,
  `FILE_NAME` varchar(255) NOT NULL,
  `FILE_PATH` varchar(500) NOT NULL,
  `FILE_SIZE` bigint(20) NOT NULL,
  `CREATED_DATE` datetime DEFAULT current_timestamp(),
  PRIMARY KEY (`ATTACHMENT_ID`),
  KEY `POST_ID` (`POST_ID`)
) ENGINE=InnoDB AUTO_INCREMENT=4 DEFAULT CHARSET=utf8;

DROP TABLE IF EXISTS BOARD_COMMENT;
CREATE TABLE `BOARD_COMMENT` (
  `COMMENT_ID` int(11) NOT NULL AUTO_INCREMENT,
  `POST_ID` int(11) NOT NULL,
  `PARENT_COMMENT_ID` int(11) DEFAULT NULL,
  `CONTENT` text NOT NULL,
  `AUTHOR_NO` int(11) NOT NULL,
  `IS_DELETE` tinyint(1) DEFAULT 0,
  `CREATED_DATE` datetime DEFAULT current_timestamp(),
  `MODIFIED_DATE` datetime DEFAULT current_timestamp() ON UPDATE current_timestamp(),
  PRIMARY KEY (`COMMENT_ID`),
  KEY `POST_ID` (`POST_ID`),
  KEY `PARENT_COMMENT_ID` (`PARENT_COMMENT_ID`),
  KEY `AUTHOR_NO` (`AUTHOR_NO`)
) ENGINE=InnoDB DEFAULT CHARSET=utf8;

DROP TABLE IF EXISTS DEFECTIVE_SUB_CAT;
CREATE TABLE `DEFECTIVE_SUB_CAT` (
  `no` int(11) NOT NULL,
  `SUB_CATEGORY` varchar(30) NOT NULL,
  `PARENT_CAT` varchar(20) NOT NULL,
  `level` int(11) DEFAULT NULL,
  PRIMARY KEY (`SUB_CATEGORY`),
  KEY `fk_parent_cat_name` (`PARENT_CAT`)
) ENGINE=InnoDB DEFAULT CHARSET=utf8;

INSERT INTO DEFECTIVE_SUB_CAT (no, SUB_CATEGORY, PARENT_CAT, level) VALUES
(24, '기타', '기타', NULL),
(18, '땀뜸', '장비불량', NULL),
(10, '땀수', '봉재불량', NULL),
(22, '라벨누락', '검수', NULL),
(13, '마감봉재', '봉재불량', NULL),
(25, '미분류', '검수', NULL),
(20, '밑실끓어짐', '장비불량', NULL),
(6, '밑실부족', '봉재불량', NULL),
(19, '밑실불량', '장비불량', NULL),
(3, '벤트홀불량', '재단불량', NULL),
(8, '부품누락', '봉재불량', NULL),
(26, '부품변경', '봉재불량', NULL),
(9, '부품추가', '봉재불량', NULL),
(14, '실끓어짐', '봉재불량', NULL),
(5, '심벤트불량', '봉재불량', NULL),
(23, '외주불량', '외주', NULL),
(1, '원단손상', '원단불량', NULL),
(2, '원단오염', '원단불량', NULL),
(21, '원점이탈', '장비불량', NULL),
(11, '이물질추가', '봉재불량', NULL),
(16, '이탈', '봉재불량', NULL),
(7, '접힘', '봉재불량', NULL),
(17, '체인불량', '장비불량', NULL),
(15, '탭부착불량', '봉재불량', NULL),
(4, '탭커팅', '재단불량', NULL),
(12, '테더봉재불량', '봉재불량', NULL);

DROP TABLE IF EXISTS DELIVERY;
CREATE TABLE `DELIVERY` (
  `NO` int(11) NOT NULL AUTO_INCREMENT,
  `PRODUCT_NO` int(10) NOT NULL,
  `PRODUCT_CODE` varchar(30) DEFAULT NULL,
  `PRODUCT_FULLNAME` varchar(50) DEFAULT NULL,
  `COUNT` int(10) NOT NULL,
  `DATE` date NOT NULL DEFAULT current_timestamp(),
  PRIMARY KEY (`NO`)
) ENGINE=InnoDB AUTO_INCREMENT=35 DEFAULT CHARSET=utf8;

INSERT INTO DELIVERY (NO, PRODUCT_NO, PRODUCT_CODE, PRODUCT_FULLNAME, COUNT, DATE) VALUES
(1, 9, NULL, 'PAB FOLDING [VF33/VN&EU]', 240, '2024-11-04'),
(2, 9, NULL, 'PAB FOLDING [VF33/VN&EU]', 320, '2024-11-05'),
(3, 9, NULL, 'PAB FOLDING [VF33/VN&EU]', 120, '2024-11-06'),
(4, 15, NULL, 'PROTECTOR [VF33/CeAB]', 800, '2024-11-05'),
(5, 22, NULL, 'CAB CUSHION [VF33/LH]', 125, '2024-11-01'),
(6, 23, NULL, 'CAB CUSHION [VF33/RH]', 125, '2024-11-01'),
(7, 23, NULL, 'CAB CUSHION [VF33/RH]', 100, '2024-11-05'),
(8, 23, NULL, 'CAB CUSHION [VF33/RH]', 100, '2024-11-07'),
(9, 22, NULL, 'CAB CUSHION [VF33/LH]', 100, '2024-11-05'),
(10, 22, NULL, 'CAB CUSHION [VF33/LH]', 100, '2024-11-07'),
(11, 2, NULL, 'DAB FOLDING [VF34/VN]', 48, '2024-11-07'),
(12, 2, NULL, 'DAB FOLDING [VF34/VN]', 48, '2024-11-07'),
(13, 12, NULL, 'SAB CUSHION [VF34/FRT/LH/75]', 400, '2024-11-07'),
(14, 9, NULL, 'PAB FOLDING [VF33/VN&EU]', 120, '2024-11-08'),
(15, 23, NULL, 'CAB CUSHION [VF33/RH]', 100, '2024-11-08'),
(16, 12, NULL, 'SAB CUSHION [VF34/FRT/LH/75]', 400, '2024-11-08'),
(17, 19, NULL, 'KAB CUSHION [VF34]', 480, '2024-11-29'),
(18, 10, NULL, 'SAB CUSHION [VF33/FRT/CTR]', 400, '2024-11-12'),
(19, 10, NULL, 'SAB CUSHION [VF33/FRT/CTR]', 200, '2024-11-13'),
(20, 10, NULL, 'SAB CUSHION [VF33/FRT/CTR]', 400, '2024-11-12'),
(21, 10, NULL, 'SAB CUSHION [VF33/FRT/CTR]', 200, '2024-11-13'),
(22, 10, NULL, 'SAB CUSHION [VF33/FRT/CTR]', 300, '2024-11-19'),
(23, 14, NULL, 'SAB CUSHION [VF34/FRT/RH/75]', 300, '2024-11-23'),
(24, 14, NULL, 'SAB CUSHION [VF34/FRT/RH/75]', 300, '2024-12-03'),
(25, 14, NULL, 'SAB CUSHION [VF34/FRT/RH/75]', 400, '2024-12-04'),
(26, 14, NULL, 'SAB CUSHION [VF34/FRT/RH/75]', 200, '2024-12-05'),
(27, 14, NULL, 'SAB CUSHION [VF34/FRT/RH/75]', 200, '2024-12-06'),
(28, 2, NULL, 'DAB FOLDING [VF34/VN]', 200, '2024-12-09'),
(29, 2, NULL, 'DAB FOLDING [VF34/VN]', 200, '2024-12-10'),
(30, 12, NULL, 'SAB CUSHION [VF34/FRT/LH/75]', 200, '2024-12-11'),
(31, 12, NULL, 'SAB CUSHION [VF34/FRT/LH/75]', 200, '2024-12-12'),
(32, 12, NULL, 'SAB CUSHION [VF34/FRT/LH/75]', 200, '2024-12-13'),
(33, 12, NULL, 'SAB CUSHION [VF34/FRT/LH/75]', 200, '2024-12-16'),
(34, 6, NULL, 'DAB FOLDING [LD]', 200, '2024-12-17');

DROP TABLE IF EXISTS INVENTORY;
CREATE TABLE `INVENTORY` (
  `NO` int(11) NOT NULL AUTO_INCREMENT,
  `PRODUCT_NO` int(11) NOT NULL,
  `SUM_COUNT` int(11) NOT NULL,
  `QUANTITY` int(10) DEFAULT 0,
  `DATE` date DEFAULT current_timestamp(),
  PRIMARY KEY (`NO`),
  UNIQUE KEY `PRODUCT_NO` (`PRODUCT_NO`)
) ENGINE=InnoDB AUTO_INCREMENT=19 DEFAULT CHARSET=utf8;

INSERT INTO INVENTORY (NO, PRODUCT_NO, SUM_COUNT, QUANTITY, DATE) VALUES
(14, 2, 288, 0, '2025-01-02'),
(15, 12, 799, 0, '2025-01-10'),
(16, 14, 2700, 0, '2025-01-02'),
(17, 23, 175, 0, '2025-01-02'),
(18, 22, 50, 0, '2025-01-02');

DROP TABLE IF EXISTS JADAN_INVENTORY;
CREATE TABLE `JADAN_INVENTORY` (
  `NO` int(10) NOT NULL,
  `WORK_DAY` date NOT NULL DEFAULT current_timestamp(),
  `WORKING_ORDER_NO` int(11) NOT NULL,
  `COUNT` int(10) NOT NULL
) ENGINE=InnoDB DEFAULT CHARSET=utf8;

INSERT INTO JADAN_INVENTORY (NO, WORK_DAY, WORKING_ORDER_NO, COUNT) VALUES
(47, '2024-06-20', 0, 100),
(48, '2024-06-28', 0, 1),
(49, '2024-06-28', 0, 1),
(50, '2024-06-28', 0, 1),
(51, '2024-07-05', 0, 100),
(52, '2024-06-28', 0, 1),
(53, '2024-06-29', 0, 2),
(54, '2024-07-02', 0, 1),
(55, '2024-07-05', 0, 100),
(56, '2024-07-06', 0, 1),
(57, '2024-07-12', 0, 1),
(58, '2024-07-12', 0, 1),
(59, '2024-07-15', 0, 1),
(60, '2024-07-07', 0, 1),
(61, '2024-07-07', 0, 1),
(62, '2024-07-15', 0, 1),
(63, '2024-07-15', 0, 1),
(64, '2024-07-15', 0, 1),
(65, '2024-07-08', 0, 1),
(66, '2024-07-15', 0, 1),
(67, '2024-07-15', 0, 1),
(68, '2024-07-15', 0, 1),
(69, '2024-07-15', 0, 1),
(47, '2024-06-20', 0, 100),
(48, '2024-06-28', 0, 1),
(49, '2024-06-28', 0, 1),
(50, '2024-06-28', 0, 1),
(51, '2024-07-05', 0, 100),
(52, '2024-06-28', 0, 1),
(53, '2024-06-29', 0, 2),
(54, '2024-07-02', 0, 1),
(55, '2024-07-05', 0, 100),
(56, '2024-07-06', 0, 1),
(57, '2024-07-12', 0, 1),
(58, '2024-07-12', 0, 1),
(59, '2024-07-15', 0, 1),
(60, '2024-07-07', 0, 1),
(61, '2024-07-07', 0, 1),
(62, '2024-07-15', 0, 1),
(63, '2024-07-15', 0, 1),
(64, '2024-07-15', 0, 1),
(65, '2024-07-08', 0, 1),
(66, '2024-07-15', 0, 1),
(67, '2024-07-15', 0, 1),
(68, '2024-07-15', 0, 1),
(69, '2024-07-15', 0, 1);

DROP TABLE IF EXISTS JAEDAN;
CREATE TABLE `JAEDAN` (
  `NO` int(11) NOT NULL AUTO_INCREMENT,
  `WORK_ORDER_NO` int(10) NOT NULL,
  `WONDAN_STORE` int(10) NOT NULL,
  `WONDAN_MANAGER_NO` varchar(10) NOT NULL,
  `LOT` varchar(30) NOT NULL,
  `Y_COUNT` int(10) NOT NULL,
  `MARKS` int(10) NOT NULL,
  `COUNT` int(10) NOT NULL,
  `DEFECTIVE` int(10) DEFAULT NULL,
  `CREATE_DATE` date NOT NULL DEFAULT current_timestamp(),
  `WORK_DATE` date NOT NULL DEFAULT current_timestamp(),
  `REG_ACCOUNT` int(10) NOT NULL,
  `STATE` int(11) NOT NULL DEFAULT 0,
  `PROCESS_STATE` int(10) NOT NULL DEFAULT 0,
  `UPDATE_ACCOUNT` int(10) DEFAULT NULL,
  `PROCESS_STATE_UP_ACCOUNT` int(10) DEFAULT NULL,
  `PROCESS_START_ACCOUNT` int(10) DEFAULT NULL,
  `PROCESSCODE` varchar(30) DEFAULT NULL,
  `PROCESS_END_DATE` date DEFAULT NULL,
  PRIMARY KEY (`NO`)
) ENGINE=InnoDB AUTO_INCREMENT=128 DEFAULT CHARSET=utf8;

INSERT INTO JAEDAN (NO, WORK_ORDER_NO, WONDAN_STORE, WONDAN_MANAGER_NO, LOT, Y_COUNT, MARKS, COUNT, DEFECTIVE, CREATE_DATE, WORK_DATE, REG_ACCOUNT, STATE, PROCESS_STATE, UPDATE_ACCOUNT, PROCESS_STATE_UP_ACCOUNT, PROCESS_START_ACCOUNT, PROCESSCODE, PROCESS_END_DATE) VALUES
(14, 23, 20, '1025', 'H244j0108', 118, 4, 472, 5, '2024-10-25', '2024-10-25', 10, 2, 3, 10, 2, 10, 'KACL230090K2024102514', '2024-11-09'),
(15, 24, 19, '1025', 'H22970147', 122, 4, 488, 0, '2024-10-25', '2024-10-25', 10, 2, 3, 10, 2, 10, 'KACL230090K2024102515', '2024-11-09'),
(16, 26, 22, '1025', 'H244f1205', 92, 4, 368, 0, '2024-10-25', '2024-10-25', 10, 2, 3, 10, 2, 10, 'KACL230090K2024102516', '2024-11-09'),
(17, 25, 18, '1025', 'H244W0320', 122, 4, 488, 0, '2024-10-25', '2024-10-25', 10, 2, 3, 10, 2, 10, 'KACL230090K2024102517', '2024-11-09'),
(18, 27, 28, '1019', 'H22970122', 102, 8, 816, 0, '2024-10-19', '2024-10-19', 10, 2, 3, 10, 2, 10, 'KACL231050K-22024101918', '2024-11-09'),
(19, 28, 26, '1019', 'H22970139', 102, 8, 816, 0, '2024-10-21', '2024-10-21', 10, 2, 3, 10, 2, 10, 'KACL231040K-22024102119', '2024-11-09'),
(20, 29, 27, '1021', 'H23890511', 100, 8, 800, 0, '2024-10-21', '2024-10-21', 10, 2, 3, 10, 2, 10, 'KACL231040K-22024102120', '2024-11-09'),
(21, 30, 29, '1', 'KADL40101K', 1, 1, 875, 0, '2024-10-17', '2024-10-17', 10, 2, 3, 10, 2, 10, 'KADL230220K2024101721', '2024-11-09'),
(22, 31, 30, '1', 'KADL401021K-1', 1, 1, 875, 0, '2024-10-17', '2024-10-17', 10, 2, 3, 10, 2, 10, 'KADL230230K2024101722', '2024-11-09'),
(23, 32, 31, '1018', 'H248L2218', 105, 10, 1050, 0, '2024-10-18', '2024-10-18', 10, 2, 3, 10, 2, 10, 'KAAL230007K-12024101823', '2024-11-09'),
(25, 36, 23, '1029', 'H244w0309', 109, 6, 654, 0, '2024-10-29', '2024-10-29', 10, 2, 3, 10, 2, 10, 'KAEL230041K-12024102925', '2024-11-09'),
(26, 35, 44, '1105', 'H248L2217', 98, 10, 980, 0, '2024-11-05', '2024-11-05', 51, 2, 3, 51, 2, 51, 'KAAL230007K-12024110526', '2024-11-09'),
(27, 37, 52, '1104', 'KADL401021K', 1, 1, 450, 0, '2024-11-04', '2024-11-04', 10, 2, 3, 10, 2, 10, 'KADL230220K2024110427', '2024-11-09'),
(28, 38, 53, '1104', 'KADL401021K-01', 1, 1, 450, 0, '2024-11-04', '2024-11-04', 10, 2, 3, 10, 2, 10, 'KADL230230K2024110428', '2024-11-09'),
(29, 39, 25, '1030', 'H24280247', 110, 6, 660, 0, '2024-10-30', '2024-11-06', 10, 2, 3, 10, 2, 10, 'KAEL230041K-12024110629', '2024-11-09'),
(30, 42, 18, '1031', 'H244W0320', 99, 8, 782, 0, '2024-10-31', '2024-10-31', 10, 2, 3, 10, 2, 10, 'KACL231040K-22024103130', '2024-11-09'),
(31, 43, 34, '1031', 'H24X83301', 95, 8, 760, 0, '2024-10-31', '2024-10-31', 10, 2, 3, 10, 2, 10, 'KACL231040K-22024103131', '2024-11-09'),
(33, 45, 33, '1104', 'H24X83206', 119, 4, 476, 0, '2024-11-04', '2024-11-04', 10, 2, 3, 10, 50, 10, 'KACL230090K2024110433', '2024-12-23'),
(34, 44, 18, '1031', 'H244W0320', 122, 4, 488, 0, '2024-10-31', '2024-10-31', 10, 2, 3, 10, 2, 10, 'KACL230090K2024103134', '2024-11-09'),
(35, 47, 35, '1104', 'H24X83207', 119, 4, 476, 0, '2024-11-04', '2024-11-04', 10, 2, 3, 10, 2, 10, 'KACL230090K2024110435', '2024-11-09'),
(36, 48, 54, '1', 'jaego01', 1, 1, 296, 0, '2024-11-09', '2024-11-09', 2, 2, 3, 2, 2, 2, 'KAAL230020K2024110936', '2024-12-31'),
(37, 49, 55, '1', 'jaego02', 1, 1, 48, 0, '2024-11-09', '2024-11-09', 2, 2, 3, 2, 2, 2, 'KAAL230007K-12024110937', '2024-11-09'),
(38, 50, 56, '1', 'jaego03', 1, 1, 800, 0, '2024-11-09', '2024-11-09', 2, 2, 3, 2, 2, 2, 'KACL360010K2024110938', '2024-11-09'),
(39, 51, 57, '1', 'jaego04', 1, 1, 900, 0, '2024-11-09', '2024-11-09', 2, 2, 3, 2, 2, 2, 'KACL230090K2024110939', '2024-11-09'),
(40, 52, 58, '1', 'jaego05', 1, 1, 320, 0, '2024-11-09', '2024-11-09', 2, 2, 3, 2, 2, 2, 'KABL230080K-12024110940', '2024-11-09'),
(41, 53, 59, '1', 'jaego06', 1, 1, 95, 0, '2024-11-09', '2024-11-09', 2, 2, 3, 2, 2, 2, 'KAAL230080K2024110941', '2024-11-09'),
(42, 56, 61, '1112', 'KADL401021K-02', 700, 1, 700, 0, '2024-11-12', '2024-11-12', 10, 2, 3, 10, 2, 10, 'KADL230220K2024111242', '2024-12-31'),
(43, 57, 62, '1112', 'KADL401021K-03', 700, 1, 700, 0, '2024-11-12', '2024-11-12', 10, 2, 3, 10, 2, 10, 'KADL230230K2024111243', '2024-12-31'),
(44, 59, 63, '1114', 'KADL401021K-04', 350, 1, 350, 0, '2024-11-14', '2024-11-12', 10, 2, 3, 10, 2, 10, 'KADL230230K2024111244', '2024-12-31'),
(45, 58, 64, '1114', 'KADL401021K-05', 350, 1, 350, 0, '2024-11-14', '2024-11-12', 10, 2, 3, 10, 2, 10, 'KADL230220K2024111245', '2024-12-31'),
(46, 63, 46, '1105', 'H249K0617', 101, 8, 808, 0, '2024-11-05', '2024-11-05', 10, 2, 3, 10, 2, 10, 'KACL231050K-22024110546', '2024-12-31'),
(47, 61, 49, '1106', 'H249K0616', 107, 6, 642, 0, '2024-11-06', '2024-11-06', 10, 2, 3, 10, 2, 10, 'KAEL230041K-12024110647', '2024-12-31'),
(48, 62, 48, '1106', 'H24X83102', 112, 8, 896, 0, '2024-11-06', '2024-11-06', 10, 2, 3, 10, 2, 10, 'KACL231050K-22024110648', '2024-12-31'),
(49, 64, 47, '1107', 'H24X83212', 107, 6, 642, 0, '2024-11-07', '2024-11-07', 10, 2, 3, 10, 2, 10, 'KAEL230041K-12024110749', '2024-12-31'),
(50, 65, 65, '1111', 'BAH140323A', 84, 2, 168, 0, '2024-11-11', '2024-11-11', 10, 2, 3, 10, 2, 10, 'KABL230080K-12024111150', '2024-12-31'),
(51, 68, 66, '1118', 'H24X83108', 116, 4, 464, 0, '2024-11-18', '2024-11-18', 10, 2, 3, 10, 2, 10, 'KACL230090K2024111851', '2024-12-31'),
(52, 66, 69, '1118', 'H249K0620', 119, 4, 476, 0, '2024-11-18', '2024-11-18', 10, 2, 3, 10, 2, 10, 'KACL230090K2024111852', '2024-12-31'),
(53, 67, 67, '1119', 'H24X83110', 116, 4, 464, 2, '2024-11-19', '2024-11-19', 50, 2, 3, 50, 2, 50, 'KACL230090K2024111953', '2024-12-31'),
(54, 69, 90, '1120', 'BAH140273B', 220, 2, 440, 2, '2024-11-20', '2024-11-20', 10, 2, 3, 10, 2, 10, 'KABL230080K-12024112054', '2024-12-31'),
(55, 70, 88, '1119', 'H249D1115-1', 83, 9, 747, 0, '2024-11-19', '2024-11-19', 10, 2, 3, 10, 2, 10, 'KAAL230007K-12024111955', '2024-12-31'),
(56, 71, 91, '1119', 'H244R0605', 46, 9, 414, 0, '2024-11-19', '2024-11-19', 10, 2, 3, 10, 2, 10, 'KAAL230007K-12024111956', '2024-12-31'),
(57, 72, 99, '1121', 'BAH130673A', 200, 2, 400, 0, '2024-11-21', '2024-11-21', 10, 2, 3, 10, 2, 10, 'KABL230080K2024112157', '2024-12-31'),
(58, 73, 105, '1125', 'H242E0206', 110, 8, 880, 0, '2024-11-25', '2024-11-25', 10, 2, 3, 10, 2, 10, 'KACL231040K-22024112558', '2024-12-31'),
(59, 74, 106, '1121', 'BAH140362C', 186, 2, 372, 4, '2024-11-21', '2024-11-21', 10, 2, 3, 10, 2, 10, 'KABL230080K2024112159', '2024-12-31'),
(60, 75, 107, '1122', 'BAH140362B', 186, 2, 372, 0, '2024-11-22', '2024-11-22', 10, 2, 3, 10, 2, 10, 'KABL230080K2024112260', '2024-12-31'),
(61, 77, 87, '1125', 'H249D1209-1', 100, 9, 900, 0, '2024-11-25', '2024-11-25', 10, 2, 3, 10, 2, 10, 'KAAL230007K-12024112561', '2024-12-31'),
(62, 79, 103, '1128', 'H24XM1907', 99, 8, 792, 0, '2024-11-28', '2024-11-28', 10, 2, 3, 10, 2, 10, 'KACL231050K-22024112862', '2024-12-31'),
(63, 80, 114, '1', 'test', 1, 1, 1, 0, '2024-11-30', '2024-11-30', 2, 2, 3, 2, 2, 10, 'KAAL230007K-12024113063', '2024-12-31'),
(64, 78, 86, '1128', 'H224X80904', 114, 9, 1026, 0, '2024-11-28', '2024-11-28', 10, 2, 3, 10, 2, 10, 'KAAL230007K-12024112864', '2024-12-31'),
(65, 82, 104, '1129', 'H24X83117', 101, 8, 808, 0, '2024-11-29', '2024-11-29', 50, 2, 3, 50, 2, 50, 'KACL231050K-22024112965', '2024-12-31'),
(66, 85, 102, '1129', 'H24X81711', 28, 8, 224, 0, '2024-12-02', '2024-12-02', 50, 2, 3, 50, 2, 10, 'KACL231050K-22024120266', '2024-12-31'),
(67, 88, 102, '1129', 'H24X81711', 28, 8, 224, 0, '2024-12-02', '2024-12-02', 50, 2, 3, 50, 2, 10, 'KACL231050K-22024120267', '2024-12-31'),
(68, 90, 109, '1203', 'H24XM1920', 101, 8, 808, 0, '2024-12-04', '2024-12-04', 50, 2, 3, 50, 2, 10, 'KACL231050K-22024120468', '2024-12-31'),
(69, 91, 70, '1204', 'KADL401021K-6', 1, 1, 875, 0, '2024-12-04', '2024-12-04', 10, 2, 3, 10, 2, 10, 'KADL230220K2024120469', '2024-12-31'),
(70, 92, 71, '1204', 'KADL401021K-7', 1, 1, 875, 0, '2024-12-04', '2024-12-04', 10, 2, 3, 10, 2, 10, 'KADL230230K2024120470', '2024-12-31'),
(71, 93, 85, '1204', 'H249D1310', 97, 10, 970, 0, '2024-12-05', '2024-12-05', 50, 2, 3, 50, 2, 10, 'KAAL230007K-12024120571', '2024-12-31'),
(72, 76, 108, '1206', 'BAH140343A', 40, 2, 80, 0, '2024-12-06', '2024-12-06', 10, 2, 3, 10, 2, 10, 'KABL230080K2024120672', '2024-12-31'),
(73, 95, 112, '1205', 'H24XM1809-2', 110, 8, 880, 0, '2024-12-06', '2024-12-06', 50, 2, 3, 50, 2, 10, 'KACL231050K2024120673', '2024-12-31'),
(74, 96, 84, '1205', 'H249D1307-1', 100, 9, 900, 0, '2024-12-06', '2024-12-06', 50, 2, 3, 50, 2, 10, 'KAAL230007K-12024120674', '2024-12-31'),
(75, 111, 121, '1208', 'BAH140394B', 168, 2, 336, 0, '2024-12-09', '2024-12-09', 10, 2, 3, 10, 2, 2, 'KABL230080K-12024120975', '2024-12-31'),
(76, 97, 124, '1206', 'BAH140421B', 241, 2, 482, 0, '2024-12-10', '2024-12-10', 10, 2, 3, 10, 2, 2, 'KABL230080K-12024121076', '2024-12-31'),
(77, 110, 123, '1214', 'H24YE2113', 108, 10, 1080, 0, '2024-12-14', '2024-12-14', 10, 2, 3, 10, 2, 10, 'KAAL230007K-12024121477', '2024-12-31'),
(78, 113, 134, '1210', 'H24Y10906', 96, 8, 768, 0, '2024-12-14', '2024-12-14', 50, 2, 3, 50, 2, 10, 'KACL231050K-22024121478', '2024-12-31'),
(79, 117, 133, '1210', 'H24Y11007', 70, 8, 560, 0, '2024-12-14', '2024-12-14', 50, 2, 3, 50, 2, 10, 'KACL231050K-22024121479', '2024-12-31'),
(80, 116, 135, '1213', 'H24YM1601', 96, 8, 768, 0, '2024-12-14', '2024-12-14', 50, 2, 3, 50, 2, 10, 'KACL231050K-22024121480', '2024-12-31'),
(81, 119, 137, '1213', 'H24Y11111', 104, 8, 832, 0, '2024-12-14', '2024-12-14', 50, 2, 3, 50, 2, 10, 'KACL231050K-22024121481', '2024-12-31'),
(82, 121, 130, '1209', 'H24Y10905', 49, 12, 588, 0, '2024-12-16', '2024-12-16', 50, 2, 3, 10, 2, 50, 'KAAL230007K-12024121682', '2024-12-31'),
(83, 123, 132, '1213', 'H24Y11110', 101, 12, 1212, 0, '2024-12-16', '2024-12-16', 50, 2, 3, 10, 2, 10, 'KAAL230007K-12024121683', '2024-12-31'),
(84, 118, 138, '1213', 'H24YM1601-1', 96, 8, 768, 0, '2024-12-16', '2024-12-16', 50, 2, 3, 10, 2, 10, 'KACL231050K-22024121684', '2024-12-31'),
(85, 122, 120, '1215', 'H24YE2110', 102, 10, 1020, 0, '2024-12-16', '2024-12-16', 50, 2, 3, 10, 2, 10, 'KAAL230007K-12024121685', '2024-12-31'),
(86, 125, 122, '1216', 'H24XY0920', 94, 10, 904, 6, '2024-12-17', '2024-12-17', 50, 2, 3, 10, 2, 10, 'KAAL230007K-12024121786', '2024-12-31'),
(87, 126, 118, '1216', 'H24XY1017', 102, 10, 1020, 0, '2024-12-17', '2024-12-17', 50, 2, 3, 10, 2, 10, 'KAAL230007K-12024121787', '2024-12-31'),
(88, 120, 119, '1218', 'H24YE2109', 75, 10, 750, 0, '2024-12-20', '2024-12-20', 10, 2, 3, 10, 2, 10, 'KAAL230007K-12024122088', '2024-12-31'),
(89, 128, 139, '1217', 'H24YM1606', 113, 8, 904, 0, '2024-12-20', '2024-12-20', 10, 2, 3, 10, 2, 10, 'KACL231050K-22024122089', '2024-12-31'),
(90, 129, 140, '1217', 'H24YM1606-1', 116, 4, 464, 0, '2024-12-17', '2024-12-20', 10, 2, 3, 10, 2, 10, 'KACL230090K2024122090', '2024-12-31'),
(91, 127, 136, '1217', 'H24Y11108', 63, 4, 252, 0, '2024-12-17', '2024-12-17', 10, 2, 3, 10, 2, 10, 'KACL231040K-22024121791', '2024-12-31'),
(92, 132, 149, '1220', 'H24YM1708', 108, 4, 432, 0, '2024-12-21', '2024-12-21', 50, 2, 3, 50, 2, 50, 'KACL230090K2024122192', '2024-12-31'),
(93, 133, 141, '1220', 'BAH140404A', 194, 2, 388, 0, '2024-12-21', '2024-12-21', 50, 2, 3, 50, 2, 50, 'KABL230080K-12024122193', '2024-12-31'),
(94, 135, 151, '1222', 'H24Z30105', 116, 4, 464, 0, '2024-12-23', '2024-12-23', 50, 2, 3, 50, 2, 50, 'KACL230090K2024122394', '2024-12-31'),
(95, 134, 148, '1222', 'H24Z30301', 118, 4, 472, 0, '2024-12-23', '2024-12-23', 50, 2, 3, 50, 10, 50, 'KACL230090K2024122395', '2025-01-10'),
(96, 136, 143, '1223', 'BAH140473A', 194, 2, 388, 0, '2024-12-24', '2024-12-24', 50, 2, 3, 50, 10, 10, 'KABL230080K-12024122496', '2025-01-10'),
(97, 137, 146, '1226', 'BAH140464B', 210, 2, 420, 0, '2024-12-26', '2024-12-30', 10, 2, 3, 10, 2, 10, 'KABL230090K2024123097', '2025-01-02'),
(98, 140, 163, '1231', 'BAH140502A', 220, 2, 440, 0, '2024-12-31', '2024-12-31', 10, 2, 3, 10, 2, 10, 'KABL230080K-12024123198', '2025-01-10'),
(99, 139, 147, '0102', 'BAH140474A', 42, 2, 84, 0, '2025-01-02', '2025-01-02', 10, 2, 2, 10, 10, 10, 'KABL230080K-12025010299', NULL),
(100, 141, 164, '0102', 'BAH140511A', 223, 2, 446, 0, '2025-01-02', '2025-01-02', 10, 2, 3, 10, 2, 10, 'KABL230080K-120250102100', '2025-01-10'),
(101, 144, 144, '1228', 'BAH140473B', 189, 2, 378, 0, '2024-12-28', '2025-01-04', 10, 2, 3, 10, 2, 10, 'KABL230080K-120250104101', '2025-01-10'),
(102, 145, 145, '1228', 'BAH140454A', 217, 2, 434, 0, '2024-12-28', '2025-01-04', 10, 2, 3, 10, 2, 10, 'KABL230080K-120250104102', '2025-01-10'),
(103, 146, 144, '1228', 'BAH140473B', 186, 2, 372, 0, '2024-12-28', '2025-01-04', 10, 2, 3, 10, 2, 10, 'KABL230080K-120250104103', '2025-01-10'),
(104, 147, 142, '1229', 'BAH140404B', 179, 2, 358, 0, '2024-12-29', '2025-01-04', 10, 2, 3, 10, 2, 10, 'KABL230080K-120250104104', '2025-01-10'),
(105, 148, 162, '1229', 'BAH140511B', 213, 2, 426, 0, '2024-12-29', '2025-01-04', 10, 2, 3, 10, 2, 10, 'KABL230080K-120250104105', '2025-01-10'),
(106, 149, 159, '1229', 'BAH140501A', 228, 2, 456, 0, '2024-12-29', '2025-01-04', 10, 2, 3, 10, 2, 10, 'KABL230080K-120250104106', '2025-01-10'),
(107, 150, 161, '1230', 'BAH140501B', 202, 2, 404, 0, '2024-12-30', '2025-01-04', 10, 2, 3, 10, 2, 10, 'KABL230080K-120250104107', '2025-01-10'),
(108, 151, 160, '1231', 'BAH140491B', 220, 2, 440, 0, '2024-12-31', '2025-01-04', 10, 2, 3, 10, 2, 10, 'KABL230080K-120250104108', '2025-01-10'),
(109, 152, 156, '1226', 'H24YM1714', 73, 4, 292, 0, '2024-12-26', '2025-01-04', 10, 2, 3, 10, 2, 10, 'KACL230090K20250104109', '2025-01-10'),
(110, 153, 174, '0103', 'H24YM1718', 114, 8, 912, 28, '2025-01-05', '2025-01-05', 50, 2, 3, 50, 2, 50, 'KACL231040K-220250105110', '2025-01-10'),
(111, 154, 156, '1226', 'H24YM1714', 73, 4, 292, 0, '2024-12-26', '2025-01-06', 10, 2, 0, 10, NULL, NULL, 'KACL230090K20250106111', NULL),
(112, 155, 155, '1227', 'H24YM1814', 62, 4, 248, 0, '2024-12-27', '2025-01-06', 10, 2, 3, 10, 2, 10, 'KACL230090K20250106112', '2025-01-10'),
(113, 156, 158, '1227', 'H24Z30111', 113, 4, 452, 0, '2024-12-27', '2025-01-06', 10, 2, 3, 10, 2, 10, 'KACL230090K20250106113', '2025-01-10'),
(114, 157, 190, '1227', 'H24YM1813', 116, 4, 464, 0, '2024-12-27', '2025-01-06', 10, 2, 3, 10, 2, 10, 'KACL230090K20250106114', '2025-01-10'),
(115, 158, 142, '1228', 'BAH140404B', 179, 2, 358, 0, '2024-12-28', '2025-01-06', 10, 2, 3, 10, 2, 10, 'KABL230080K-120250106115', '2025-01-10'),
(116, 159, 144, '1228', 'BAH140473B', 186, 2, 372, 0, '2024-12-28', '2025-01-06', 10, 2, 3, 10, 2, 10, 'KABL230080K-120250106116', '2025-01-10'),
(117, 160, 146, '1228', 'BAH140464B', 189, 2, 378, 0, '2024-12-28', '2025-01-06', 10, 2, 3, 10, 2, NULL, 'KABL230080K-120250106117', '2025-01-10'),
(118, 161, 145, '1228', 'BAH140454A', 217, 2, 434, 0, '2024-12-28', '2025-01-06', 10, 2, 3, 10, 2, 10, 'KABL230080K-120250106118', '2025-01-10'),
(119, 162, 164, '0105', 'BAH140511A', 227, 2, 454, 0, '2025-01-06', '2025-01-06', 50, 2, 3, 50, 10, 50, 'KABL230080K-120250106119', '2025-01-10'),
(120, 164, 172, '0106', 'H24Z30305', 116, 4, 464, 0, '2025-01-06', '2025-01-06', 50, 2, 3, 50, 10, 50, 'KACL230090K20250106120', '2025-01-10'),
(121, 165, 163, '0106', 'BAH140502A', 123, 2, 246, 0, '2025-01-07', '2025-01-07', 50, 2, 3, 50, 10, 50, 'KABL230080K-120250107121', '2025-01-10'),
(122, 167, 154, '0107', 'H24YE0120', 80, 10, 800, 0, '2025-01-07', '2025-01-07', 50, 2, 2, 50, 50, 50, 'KAAL230007K-120250107122', NULL),
(123, 168, 186, '0107', 'BAH140503B', 183, 2, 366, 0, '2025-01-08', '2025-01-08', 50, 2, 2, 50, 50, 50, 'KABL230080K-120250108123', NULL),
(124, 169, 198, '0109', 'H24ZH0902', 105, 4, 420, 0, '2025-01-09', '2025-01-09', 50, 2, 2, 50, 50, 50, 'KACL230090K20250109124', NULL),
(125, 170, 183, '0109', 'BAH140495A', 140, 2, 280, 0, '2025-01-09', '2025-01-09', 50, 2, 2, 50, 50, 50, 'KABL230080K-120250109125', NULL),
(126, 171, 189, '0109', 'BAH140521B', 146, 2, 292, 0, '2025-01-10', '2025-01-10', 50, 2, 2, 50, 50, 50, 'KABL230080K-120250110126', NULL),
(127, 173, 208, '0110', 'BAH140474A-1', 23, 2, 46, 0, '2025-01-10', '2025-01-10', 50, 2, 2, 50, 50, 50, 'KABL230080K-120250110127', NULL);

DROP TABLE IF EXISTS JAEDAN_PRODUCTS;
CREATE TABLE `JAEDAN_PRODUCTS` (
  `NO` int(11) NOT NULL AUTO_INCREMENT,
  `JAEDAN_NAME` varchar(30) NOT NULL,
  `ASSY_PART_NAME` varchar(30) NOT NULL,
  `WONDAN_CODE` int(10) NOT NULL DEFAULT 0,
  `WONDAN_NAME` varchar(10) NOT NULL DEFAULT '0',
  `SUB_WONDAN` varchar(10) NOT NULL DEFAULT '0',
  `STATE` int(2) NOT NULL DEFAULT 1,
  PRIMARY KEY (`NO`)
) ENGINE=InnoDB AUTO_INCREMENT=8 DEFAULT CHARSET=utf8;

INSERT INTO JAEDAN_PRODUCTS (NO, JAEDAN_NAME, ASSY_PART_NAME, WONDAN_CODE, WONDAN_NAME, SUB_WONDAN, STATE) VALUES
(1, 'VF33 GLASS COVER', 'CAB', 0, '1', '0', 1),
(2, 'INNER BAG', 'CAB', 0, '2', '0', 1),
(3, 'TAP', 'CAB', 0, '3', '0', 1),
(4, 'VF34 FRONT', 'CAB', 0, '4', '0', 1),
(5, 'HEAT SHIELD', 'PAB', 0, '5', '0', 1),
(6, 'TETHER 53 X 53', 'CENTER', 0, '6', '0', 1),
(7, 'TETHER 49 X 49', 'KAB', 0, '7', '0', 1);

DROP TABLE IF EXISTS JAEDAN_PRODUCT_PART;
CREATE TABLE `JAEDAN_PRODUCT_PART` (
  `NO` int(11) NOT NULL AUTO_INCREMENT,
  `JAEDAN_PRODUCT_PART` int(10) NOT NULL,
  `COUNT` int(10) NOT NULL,
  `REG_ACCOUNT` int(10) NOT NULL,
  `CREATE_DATE` date NOT NULL DEFAULT current_timestamp(),
  `ORDER_STATE` int(1) DEFAULT 0,
  `STATE` int(11) DEFAULT 0 COMMENT '1은 재단진행 2는 재단완료',
  `PRODUCTION_STATE` int(1) DEFAULT 0,
  `UPDATE_ACCOUNT` int(1) DEFAULT NULL,
  `PROCESSCODE` varchar(50) DEFAULT NULL,
  PRIMARY KEY (`NO`)
) ENGINE=InnoDB AUTO_INCREMENT=12 DEFAULT CHARSET=utf8;

INSERT INTO JAEDAN_PRODUCT_PART (NO, JAEDAN_PRODUCT_PART, COUNT, REG_ACCOUNT, CREATE_DATE, ORDER_STATE, STATE, PRODUCTION_STATE, UPDATE_ACCOUNT, PROCESSCODE) VALUES
(2, 1, 1, 13, '2024-12-09', 0, 0, 0, NULL, NULL),
(6, 6, 456, 50, '2024-12-11', 0, 2, 0, 50, NULL),
(7, 7, 636, 50, '2024-12-11', 0, 2, 0, 50, NULL),
(9, 6, 432, 50, '2024-12-21', 0, 2, 0, 50, NULL),
(10, 6, 464, 50, '2024-12-23', 0, 2, 0, 50, NULL),
(11, 6, 472, 50, '2024-12-23', 0, 2, 0, 50, NULL);

DROP TABLE IF EXISTS LEAVE_BALANCE;
CREATE TABLE `LEAVE_BALANCE` (
  `EMPLOYEE_ID` varchar(10) NOT NULL,
  `YEAR` int(11) NOT NULL,
  `TOTAL_DAYS` decimal(5,1) DEFAULT NULL,
  `USED_DAYS` decimal(5,1) DEFAULT NULL,
  `REMAINING_DAYS` decimal(5,1) DEFAULT NULL,
  `LAST_UPDATED` date DEFAULT NULL,
  PRIMARY KEY (`EMPLOYEE_ID`,`YEAR`)
) ENGINE=InnoDB DEFAULT CHARSET=utf8;

DROP TABLE IF EXISTS LEAVE_HISTORY;
CREATE TABLE `LEAVE_HISTORY` (
  `LEAVE_ID` int(11) NOT NULL AUTO_INCREMENT,
  `EMPLOYEE_ID` varchar(10) DEFAULT NULL,
  `START_DATE` date DEFAULT NULL,
  `END_DATE` date DEFAULT NULL,
  `DAYS_COUNT` decimal(5,1) DEFAULT NULL,
  `LEAVE_TYPE` varchar(20) DEFAULT NULL,
  `STATUS` varchar(20) DEFAULT NULL,
  `REASON` text DEFAULT NULL,
  `APPROVED_BY` varchar(10) DEFAULT NULL,
  `APPROVED_DATE` datetime DEFAULT NULL,
  `CREATED_AT` datetime DEFAULT current_timestamp(),
  PRIMARY KEY (`LEAVE_ID`),
  KEY `EMPLOYEE_ID` (`EMPLOYEE_ID`),
  KEY `APPROVED_BY` (`APPROVED_BY`)
) ENGINE=InnoDB DEFAULT CHARSET=utf8;

DROP TABLE IF EXISTS PART_JAEDAN;
CREATE TABLE `PART_JAEDAN` (
  `NO` int(11) NOT NULL AUTO_INCREMENT,
  `WORK_ORDER_NO` int(10) NOT NULL,
  `WONDAN_STORE` int(10) NOT NULL,
  `WONDAN_MANAGER_NO` varchar(10) NOT NULL,
  `LOT` varchar(30) NOT NULL,
  `Y_COUNT` int(10) NOT NULL,
  `MARKS` int(10) NOT NULL,
  `COUNT` int(10) NOT NULL,
  `DEFECTIVE` int(10) DEFAULT NULL,
  `CREATE_DATE` date NOT NULL DEFAULT current_timestamp(),
  `WORK_DATE` date NOT NULL DEFAULT current_timestamp(),
  `REG_ACCOUNT` int(10) NOT NULL,
  `JR_STATE` int(11) NOT NULL DEFAULT 0,
  `PROCESS_STATE` int(10) NOT NULL DEFAULT 0,
  `UPDATE_ACCOUNT` int(10) DEFAULT NULL,
  `PROCESS_STATE_UP_ACCOUNT` int(10) DEFAULT NULL,
  `PROCESS_START_ACCOUNT` int(10) DEFAULT NULL,
  `PROCESSCODE` varchar(30) DEFAULT NULL,
  `PROCESS_END_DATE` date DEFAULT NULL,
  PRIMARY KEY (`NO`)
) ENGINE=InnoDB AUTO_INCREMENT=6 DEFAULT CHARSET=utf8;

INSERT INTO PART_JAEDAN (NO, WORK_ORDER_NO, WONDAN_STORE, WONDAN_MANAGER_NO, LOT, Y_COUNT, MARKS, COUNT, DEFECTIVE, CREATE_DATE, WORK_DATE, REG_ACCOUNT, JR_STATE, PROCESS_STATE, UPDATE_ACCOUNT, PROCESS_STATE_UP_ACCOUNT, PROCESS_START_ACCOUNT, PROCESSCODE, PROCESS_END_DATE) VALUES
(1, 6, 131, '1209', 'H24Y10903', 114, 4, 456, 0, '2024-12-11', '2024-12-11', 50, 2, 1, 50, NULL, NULL, 'TETHER53X532024121150', NULL),
(2, 7, 128, '1209', 'H24Y11008', 106, 6, 636, 0, '2024-12-11', '2024-12-11', 50, 2, 1, 50, NULL, NULL, 'TETHER49X492024121150', NULL),
(3, 9, 149, '1220', 'H24YM1708', 108, 4, 432, 0, '2024-12-21', '2024-12-21', 50, 2, 1, 50, NULL, NULL, 'TETHER53X532024122150', NULL),
(4, 10, 151, '1222', 'H24Z30105', 116, 4, 464, 0, '2024-12-23', '2024-12-23', 50, 2, 1, 50, NULL, NULL, 'TETHER53X532024122350', NULL),
(5, 11, 148, '1222', 'H24Z30301', 118, 4, 472, 0, '2024-12-23', '2024-12-23', 50, 2, 1, 50, NULL, NULL, 'TETHER53X532024122350', NULL);

DROP TABLE IF EXISTS PD_NAME;
CREATE TABLE `PD_NAME` (
  `PART` varchar(50) NOT NULL,
  `DESCRIPTION` varchar(100) DEFAULT NULL,
  `PATERNER` varchar(50) DEFAULT NULL,
  PRIMARY KEY (`PART`)
) ENGINE=InnoDB DEFAULT CHARSET=utf8;

INSERT INTO PD_NAME (PART, DESCRIPTION, PATERNER) VALUES
('CAB', NULL, NULL),
('CENTER', NULL, NULL),
('DAB', 'DAB ', NULL),
('KAB', NULL, NULL),
('PAB', NULL, NULL),
('SAB', NULL, NULL);

DROP TABLE IF EXISTS PD_PART_NAME;
CREATE TABLE `PD_PART_NAME` (
  `PART_NAME` varchar(50) NOT NULL,
  `WONDAN_CODE` varchar(30) NOT NULL,
  `DESCRIPTION` varchar(100) DEFAULT NULL,
  `PATERNER` varchar(50) DEFAULT NULL,
  PRIMARY KEY (`PART_NAME`),
  KEY `idx_WONDAN_CODE` (`WONDAN_CODE`)
) ENGINE=InnoDB DEFAULT CHARSET=utf8;

INSERT INTO PD_PART_NAME (PART_NAME, WONDAN_CODE, DESCRIPTION, PATERNER) VALUES
('CAB TAP', '', NULL, NULL),
('CAB 인어백', '', NULL, NULL),
('CENTER 메인', '', NULL, NULL),
('CENTER 테더', '', NULL, NULL),
('DAB Rear', '', NULL, NULL),
('DABFront', '', NULL, NULL),
('KAB 메인', '', NULL, NULL),
('KAB 테더', '', NULL, NULL),
('PAB TAP', '', NULL, NULL),
('SAB LH 메인', '', NULL, NULL),
('SAB RH 메인', '', NULL, NULL),
('SAB 테더', '', NULL, NULL),
('SR PARTS', '', NULL, NULL);

DROP TABLE IF EXISTS PROCESS_CHART;
CREATE TABLE `PROCESS_CHART` (
  `NO` int(11) NOT NULL AUTO_INCREMENT,
  `DATE` date NOT NULL DEFAULT current_timestamp(),
  `ORDER_NO` int(30) NOT NULL,
  `PROCESS_CHART_STATE` int(11) NOT NULL DEFAULT 0,
  PRIMARY KEY (`NO`)
) ENGINE=InnoDB AUTO_INCREMENT=11 DEFAULT CHARSET=utf8;

INSERT INTO PROCESS_CHART (NO, DATE, ORDER_NO, PROCESS_CHART_STATE) VALUES
(10, '2024-08-18', 1, 1);

DROP TABLE IF EXISTS PRODUCTION;
CREATE TABLE `PRODUCTION` (
  `NO` int(11) NOT NULL AUTO_INCREMENT,
  `PROCESSCODE` varchar(50) DEFAULT NULL,
  `LOT` varchar(30) DEFAULT NULL,
  `BOX_NO` int(10) DEFAULT NULL,
  `QUANTITY` int(11) DEFAULT NULL,
  `CREATE_DATE` date NOT NULL DEFAULT current_timestamp(),
  `STATE` int(1) NOT NULL DEFAULT 0 COMMENT '0은 생산입고 1은 출고',
  `OUT_DATE` date DEFAULT current_timestamp(),
  `DESCRIPTION` text DEFAULT NULL,
  PRIMARY KEY (`NO`)
) ENGINE=InnoDB AUTO_INCREMENT=20 DEFAULT CHARSET=utf8;

DROP TABLE IF EXISTS PRODUCTION_PART;
CREATE TABLE `PRODUCTION_PART` (
  `NO` int(11) NOT NULL AUTO_INCREMENT,
  `PART_NAME` varchar(30) NOT NULL,
  `SUB_PART_NAME` varchar(30) NOT NULL,
  `SUB_PART` varchar(20) DEFAULT NULL,
  `PROCESS_RATE` int(10) NOT NULL,
  PRIMARY KEY (`NO`)
) ENGINE=InnoDB AUTO_INCREMENT=27 DEFAULT CHARSET=utf8;

INSERT INTO PRODUCTION_PART (NO, PART_NAME, SUB_PART_NAME, SUB_PART, PROCESS_RATE) VALUES
(1, 'VF33 CAB LH', 'CAB LH', 'CUSHION', 884),
(2, 'VF33 CAB RH', 'CAB RH', 'CUSHION', 884),
(3, 'VF34 SAB LH', 'SAB LH', 'CUSHION', 395),
(4, 'VF34 SAB RH', 'SAB RH', 'CUSHION', 395),
(5, 'VF34 DAB ', 'DAB', 'CUSHION', 412),
(6, 'VF3 CENTER', 'CENTER', 'CUSHION', 646),
(7, 'VF33 PAB ', 'PAB', 'CUSHION', 1044),
(8, 'VF34 KAB', 'KAB', 'CUSHION', 919),
(9, 'VF7 PAB', 'PAB', 'CUSHION', 1044),
(10, 'VF6 PAB', 'PAB', 'CUSHION', 1044),
(11, 'VF33 EU DAB', 'DAB', 'FOLDING', 100),
(12, 'temp', 'tecp', 'temp', 100),
(13, 'VF33 EU DAB', 'DAB', 'FOLDING', 100),
(14, 'VF33 US DAB', 'DAB', 'FOLDING', 100),
(15, 'VF34 EU DAB', '', 'FOLDING', 100),
(16, 'VF34 US DAB', 'DAB', 'FOLDING', 100),
(17, 'VF34 EU DAB', '', 'FOLDING', 100),
(18, 'VF34 US DAB', 'DAB', 'FOLDING', 100),
(19, 'VF35 VN DAB', 'DAB', 'FOLDING', 100),
(20, 'VF35 US DAB', 'DAB', 'FOLDING', 100),
(21, 'VF33 VN PAB', 'PAB', 'FOLDING', 100),
(22, 'VF33 US PAB', 'PAB', 'FOLDING', 100),
(23, 'VF34 VN PAB', 'PAB', 'FOLDING', 100),
(24, 'VF34 US PAB', 'PAB', 'FOLDING', 100),
(25, 'VF35 VN&EU PAB', 'PAB', 'FOLDING', 100),
(26, 'VF35 US PAB', 'PAB', 'FOLDING', 100);

DROP TABLE IF EXISTS PRODUCTS;
CREATE TABLE `PRODUCTS` (
  `NO` int(11) NOT NULL AUTO_INCREMENT,
  `PRODUCT_CODE` varchar(50) DEFAULT NULL,
  `CAR` varchar(30) DEFAULT NULL,
  `LOCATION` varchar(30) NOT NULL,
  `COMPANY` varchar(30) DEFAULT NULL,
  `PRODUCT_NAME` varchar(50) DEFAULT NULL,
  `PRODUCT_BARCODE` varchar(50) DEFAULT NULL,
  `BARCODE_NO` varchar(30) DEFAULT NULL,
  `BARCODE_REV` varchar(30) DEFAULT NULL,
  `PRODUCT_CODE_NAME` varchar(30) NOT NULL,
  `PRODUCT_PART01` varchar(30) NOT NULL,
  `PRODUCT_FULLNAME` varchar(50) NOT NULL,
  `PRODUCT_DESC01` varchar(30) NOT NULL,
  `PRODUCT_DESC02` varchar(30) NOT NULL,
  `PRODUCT_DESC03` varchar(30) NOT NULL,
  `PRODUCT_PART` varchar(30) DEFAULT NULL,
  `CERT_DATE` varchar(30) DEFAULT NULL,
  `CERTIFY` int(11) DEFAULT NULL,
  `STATE` int(2) NOT NULL DEFAULT 1,
  PRIMARY KEY (`NO`)
) ENGINE=InnoDB AUTO_INCREMENT=27 DEFAULT CHARSET=utf8;

INSERT INTO PRODUCTS (NO, PRODUCT_CODE, CAR, LOCATION, COMPANY, PRODUCT_NAME, PRODUCT_BARCODE, BARCODE_NO, BARCODE_REV, PRODUCT_CODE_NAME, PRODUCT_PART01, PRODUCT_FULLNAME, PRODUCT_DESC01, PRODUCT_DESC02, PRODUCT_DESC03, PRODUCT_PART, CERT_DATE, CERTIFY, STATE) VALUES
(1, 'KAAL230007K', 'VF33', 'VN', 'VINFAST', 'DAB', '0', '0', '0', 'DAB FOLDING [VF33/VN]', 'FOLDING', 'DAB FOLDING [VF33/VN]', 'VF33 VN', '[VF33/VN]', 'VF33 DAB VN', 'DAB', '2024-02-20 오전 12:00:00', 1, 0),
(2, 'KAAL230007K-1', 'VF34', 'VN', 'VINFAST', 'DAB', 'KAAL230090K01', 'KAAL230090K', '01', 'DAB FOLDING [VF34/VN]', 'FOLDING', 'DAB FOLDING [VF34/VN]', 'VF34 VN', '[VF34/VN]', 'VF34 DAB VN', 'DAB', '2024-03-15 오전 12:00:00', 1, 1),
(3, 'KAAL230011K', 'VF33', 'EU', 'VINFAST', 'DAB', 'KAAL230110K 00', 'KAAL230110K', '00', 'DAB FOLDING [VF33/EU]', 'FOLDING', 'DAB FOLDING [VF33/EU]', 'VF33 EU', '[VF33/EU]', 'VF33 DAB EU', 'DAB', '2024-03-15 오전 12:00:00', 1, 1),
(4, 'KAAL230020K', 'VF35', 'VN&EU', 'VINFAST', 'DAB', 'KAAL230010K00', 'KAAL230010K', '00', 'DAB FOLDING [VF35/VN&EU]', 'FOLDING', 'DAB FOLDING [VF35/VN&EU]', 'VF35 VN&EU', '[VF35/VN&EU]', 'VF35 DAB VN&EU', 'DAB', '2024-07-05 오전 12:00:00', 1, 1),
(5, 'KAAL230060K', 'VF35', 'US', 'VINFAST', 'DAB', 'KAAR230000K 00', 'KAAR230000K', '00', 'DAB FOLDING [VF35/US]', 'FOLDING', 'DAB FOLDING [VF35/US]', 'VF35 US', '[VF35/US]', 'VF35 DAB US', 'DAB', '2024-07-06 오전 12:00:00', 1, 1),
(6, 'KAAL230080K', 'LD DAB', 'DAB', 'VINFAST', 'DAB', 'KAAL230080K 01', 'KAAL230080K', '01', 'DAB FOLDING [LD]', 'FOLDING', 'DAB FOLDING [LD]', 'LD DAB', '[LD]', 'LD DAB', 'DAB', '2024-03-15 오전 12:00:00', 1, 1),
(7, 'KABL230000K', 'VF35', 'US', 'VINFAST', 'PAB', 'KABL230050C 00', 'KABL230050C', '00', 'PAB FOLDING [VF35/US]', 'FOLDING', 'PAB FOLDING [VF35/US]', 'VF35 US', '[VF35/US]', 'VF35 PAB US', 'PAB', '2024-07-11 오전 12:00:00', 1, 1),
(8, 'KABL230080K', 'VF33', 'VN&EU', 'VINFAST', 'PAB', '0', '0', '0', 'PAB FOLDING [VF33/VN&EU]', 'FOLDING', 'PAB FOLDING [VF33/VN&EU]', 'VF33 VN&EU', '[VF33/VN&EU]', 'VF33 PAB VN&EU', 'PAB', '2024-02-16 오전 12:00:00', 1, 0),
(9, 'KABL230080K-1', 'VF33', 'VN&EU', 'VINFAST', 'PAB', 'KABL230011K 01', 'KABL230011K', '01', 'PAB FOLDING [VF33/VN&EU]', 'FOLDING', 'PAB FOLDING [VF33/VN&EU]', 'VF33 VN&EU', '[VF33/VN&EU]', 'VF33 PAB VN&EU', 'PAB', '2024-07-09 오전 12:00:00', 1, 1),
(10, 'KACL230090K', 'VF33', 'FRT-CTR', 'VINFAST', 'SAB', 'KACL230090K 00', 'KACL230090K', '00', 'SAB CUSHION [VF33/FRT/CTR]', 'CUSHION', 'SAB CUSHION [VF33/FRT/CTR]', 'VF33 FRT-CTR', '[VF33/FRT/CTR]', 'VF33 FRT-CTR', 'SAB', '2024-03-13 오전 12:00:00', 1, 1),
(11, 'KACL231040K', 'VF33', 'FRT-LH', 'VINFAST', 'SAB', 'KACL231040K 01', 'KACL231040K', '01', 'SAB CUSHION [VF33/FRT/LH/70]', 'CUSHION', 'SAB CUSHION [VF33/FRT/LH/70]', 'VF33 FRT-LH', '[VF33/FRT/LH/70]', 'VF33 FRT-LH', 'SAB', '2024-03-07 오전 12:00:00', 1, 0),
(12, 'KACL231040K-2', 'VF34', 'FR-LH 75mm', 'VINFAST', 'SAB', 'KACL231040K 02', 'KACL231040K', '02', 'SAB CUSHION [VF34/FRT/LH/75]', 'CUSHION', 'SAB CUSHION [VF34/FRT/LH/75]', 'VF34 FR-LH 75mm', '[VF34/FRT/LH/75]', 'VF34 FR-LH 75mm', 'SAB', '2024-03-12 오전 12:00:00', 1, 1),
(13, 'KACL231050K', 'VF33', 'FRT-RH', 'VINFAST', 'SAB', 'KACL231050K 01', 'KACL231050K', '01', 'SAB CUSHION [VF33/FRT/RH/70]', 'CUSHION', 'SAB CUSHION [VF33/FRT/RH/70]', 'VF33 FRT-RH', '[VF33/FRT/RH/70]', 'VF33 FRT-RH', 'SAB', '2024-02-26 오전 12:00:00', 1, 0),
(14, 'KACL231050K-2', 'VF34', 'FR-RH 75mm', 'VINFAST', 'SAB', 'KACL231050K 02', 'KACL231050K', '02', 'SAB CUSHION [VF34/FRT/RH/75]', 'CUSHION', 'SAB CUSHION [VF34/FRT/RH/75]', 'VF34 FR-RH 75mm', '[VF34/FRT/RH/75]', 'VF34 FR-RH 75mm', 'SAB', '2024-03-14 오전 12:00:00', 1, 1),
(15, 'KACL360010K', 'VF33', 'CeAB', 'VINFAST', 'PROTECTOR', '0', '0', '0', 'PROTECTOR [VF33/CeAB]', 'PROTECTOR', 'PROTECTOR [VF33/CeAB]', 'VF33 CeAB', '[VF33/CeAB]', 'VF33 CeAB', 'PROTECTOR', '2024-03-13 오전 12:00:00', 1, 1),
(16, 'KADL230060K', 'VF33', 'CAB-LH', 'VINFAST', 'CAB', 'KADL230060K 00', 'KADL230060K', '00', 'CAB CUSHION [VF33/VN&EU/LH]', 'CUSHION', 'CAB CUSHION [VF33/VN&EU/LH]', 'VF33 CAB-LH', '[VF33/VN&EU/LH]', 'VF33 CAB-LH', 'CAB', '2024-02-15 오전 12:00:00', 1, 0),
(17, 'KADL230070K', 'VF33', 'CAB-RH', 'VINFAST', 'CAB', 'KADL230070K 00', 'KADL230070K', '00', 'CAB CUSHION [VF33/VN&EU/RH]', 'CUSHION', 'CAB CUSHION [VF33/VN&EU/RH]', 'VF33 CAB-RH', '[VF33/VN&EU/RH]', 'VF33 CAB-RH', 'CAB', '2024-02-15 오전 12:00:00', 1, 0),
(18, 'KAEL230041K', 'VF33', 'KAB', 'VINFAST', 'KAB', 'KAEL230041K 00', 'KAEL230041K', '00', 'KAB CUSHION [VF33]', 'CUSHION', 'KAB CUSHION [VF33]', 'VF33 KAB', '[VF33]', 'VF33 KAB', 'KAB', '2024-02-20 오전 12:00:00', 1, 0),
(19, 'KAEL230041K-1', 'VF34', 'KAB', 'VINFAST', 'KAB', 'KAEL230041K 01', 'KAEL230041K', '01', 'KAB CUSHION [VF34]', 'CUSHION', 'KAB CUSHION [VF34]', 'VF34 KAB', '[VF34]', 'VF34 KAB', 'KAB', '2024-03-15 오전 12:00:00', 1, 1),
(20, 'KABL230000K', 'VF35', 'US', 'VINFAST', 'PAB', 'KAAR230000K 00', 'KAAR230000K', '00', 'PAB FOLDING [VF35/US]', 'FOLDING', 'PAB FOLDING [VF35/US]', 'VF35/US PAB', '[VF35/US]', 'VF35/US PAB ', 'PAB', '2024-07-11 오전 12:00:00', 1, 1),
(21, 'KABL230010K', 'VF35', 'VN&EU', 'VINFAST', 'PAB', 'KABL230010K 02', 'KABL230010K', '02', 'PAB FOLDING [VF35/VN&EU]', 'FOLDING', 'PAB FOLDING [VF35/VN&EU]', 'VF35/VN&EU PAB', '[VF35/VN&EU]', 'VF35/VN&EU PAB ', 'PAB', '2024-07-25 오전 12:00:00', 1, 1),
(22, 'KADL230220K', 'VF33 ', 'CAB-LH', 'VINFAST', 'CAB', 'KADL230220K 00', 'KADL230220K', '00', 'CAB CUSHION [VF33/LH]신형', 'CUSHION', 'CAB CUSHION [VF33/LH]', 'VF33 CAB-LH', '[VF33 CAB-LH]', 'VF33 CAB-LH', 'CAB', '45504', 1, 1),
(23, 'KADL230230K', 'VF33 ', 'CAB-RH', 'VINFAST', 'CAB', 'KADL230230K 00', 'KADL230230K', '00', 'CAB CUSHION [VF33/RH]신형', 'CUSHION', 'CAB CUSHION [VF33/RH]', 'VF33 CAB-RH', '[VF33 CAB-RH]', 'VF33 CAB-RH', 'CAB', '45504', 1, 1),
(24, 'KABL230110K', 'VF34', 'PAB', 'VINFAST', 'PAB', 'KABL230110K 00', 'KABL230110K', '00', 'PAB_FOLDING_VF34_US', 'FOLDING', 'PAB_FOLDING_[VF34_US]', 'VF34 PAB_US', '[VF34 PAB_US]', 'VF34 PAB_US', 'PAB', NULL, 0, 1),
(25, 'KABL230090K', 'VF33', 'PAB', 'VINFAST', 'PAB', 'KABL230090K 00', 'KABL230090K', '00', 'PAB FOLDING VF33 US', 'FOLDING', 'PAB FOLDING [VF33 US]', 'VF33 PAB US', '[VF33 PAB US]', 'VF33 PAB US', 'PAB', NULL, 0, 1),
(26, 'KABL230040K', 'VF36', 'PAB', 'VINFAST', 'PAB', 'KABL230040K 00', 'KABL230040K', '00', 'PAB FOLDING [VF36/VN&EU]', 'FOLDING', 'PAB FOLDING [VF36/VN]', 'VF36 PAB VN', '[VF36 PAB VN]', 'VF36 VN PAB', 'PAB', '202-01-07', 1, 0);

DROP TABLE IF EXISTS SALARY_HISTORY;
CREATE TABLE `SALARY_HISTORY` (
  `HISTORY_ID` int(11) NOT NULL AUTO_INCREMENT,
  `EMPLOYEE_ID` varchar(20) DEFAULT NULL,
  `SALARY_AMOUNT` decimal(10,2) DEFAULT NULL,
  `EFFECTIVE_DATE` date DEFAULT NULL,
  `REASON` varchar(200) DEFAULT NULL,
  `CREATED_AT` timestamp NOT NULL DEFAULT current_timestamp() ON UPDATE current_timestamp(),
  PRIMARY KEY (`HISTORY_ID`),
  KEY `EMPLOYEE_ID` (`EMPLOYEE_ID`)
) ENGINE=InnoDB AUTO_INCREMENT=9 DEFAULT CHARSET=utf8;

DROP TABLE IF EXISTS SCANNED_BARCODE;
CREATE TABLE `SCANNED_BARCODE` (
  `NO` int(11) NOT NULL AUTO_INCREMENT,
  `BARCODE` varchar(255) NOT NULL,
  `CREATE_DATE` date NOT NULL DEFAULT current_timestamp(),
  `PRODUCTION_ID` int(10) DEFAULT NULL,
  `PROCESS_CODE` varchar(30) DEFAULT NULL,
  `BOX_NO` varchar(30) DEFAULT NULL,
  `LOT` varchar(10) DEFAULT NULL,
  PRIMARY KEY (`NO`),
  UNIQUE KEY `BARCODE` (`BARCODE`)
) ENGINE=InnoDB AUTO_INCREMENT=465 DEFAULT CHARSET=utf8;

INSERT INTO SCANNED_BARCODE (NO, BARCODE, CREATE_DATE, PRODUCTION_ID, PROCESS_CODE, BOX_NO, LOT) VALUES
(165, 'KACL231040K02QG1010244', '2025-01-10', NULL, 'KACL231040K-220250105110', '1', '20250110'),
(166, 'KACL231040K02QG1010246', '2025-01-10', NULL, 'KACL231040K-220250105110', '1', '20250110'),
(167, 'KACL231040K02QG1010247', '2025-01-10', NULL, 'KACL231040K-220250105110', '1', '20250110'),
(168, 'KACL231040K02QG1010248', '2025-01-10', NULL, 'KACL231040K-220250105110', '1', '20250110'),
(169, 'KACL231040K02QG1010249', '2025-01-10', NULL, 'KACL231040K-220250105110', '1', '20250110'),
(170, 'KACL231040K02QG1010250', '2025-01-10', NULL, 'KACL231040K-220250105110', '1', '20250110'),
(171, 'KACL231040K02QG1010251', '2025-01-10', NULL, 'KACL231040K-220250105110', '1', '20250110'),
(172, 'KACL231040K02QG1010252', '2025-01-10', NULL, 'KACL231040K-220250105110', '1', '20250110'),
(173, 'KACL231040K02QG1010253', '2025-01-10', NULL, 'KACL231040K-220250105110', '1', '20250110'),
(174, 'KACL231040K02QG1010254', '2025-01-10', NULL, 'KACL231040K-220250105110', '1', '20250110'),
(175, 'KACL231040K02QG1010243', '2025-01-10', NULL, 'KACL231040K-220250105110', '2', '20250110'),
(176, 'KACL231040K02QG1010259', '2025-01-10', NULL, 'KACL231040K-220250105110', '2', '20250110'),
(177, 'KACL231040K02QG1010258', '2025-01-10', NULL, 'KACL231040K-220250105110', '2', '20250110'),
(178, 'KACL231040K02QG1010257', '2025-01-10', NULL, 'KACL231040K-220250105110', '2', '20250110'),
(179, 'KACL231040K02QG1010256', '2025-01-10', NULL, 'KACL231040K-220250105110', '2', '20250110'),
(180, 'KACL231040K02QG1010255', '2025-01-10', NULL, 'KACL231040K-220250105110', '2', '20250110'),
(181, 'KACL231040K02QG1010260', '2025-01-10', NULL, 'KACL231040K-220250105110', '2', '20250110'),
(182, 'KACL231040K02QG1010261', '2025-01-10', NULL, 'KACL231040K-220250105110', '2', '20250110'),
(183, 'KACL231040K02QG1010262', '2025-01-10', NULL, 'KACL231040K-220250105110', '2', '20250110'),
(184, 'KACL231040K02QG1010263', '2025-01-10', NULL, 'KACL231040K-220250105110', '2', '20250110'),
(185, 'KACL231040K02QG1010264', '2025-01-10', NULL, 'KACL231040K-220250105110', '3', '20250110'),
(186, 'KACL231040K02QG1010265', '2025-01-10', NULL, 'KACL231040K-220250105110', '4', '20250110'),
(187, 'KACL231040K02QG1010266', '2025-01-10', NULL, 'KACL231040K-220250105110', '4', '20250110'),
(188, 'KACL231040K02QG1010267', '2025-01-10', NULL, 'KACL231040K-220250105110', '4', '20250110'),
(189, 'KACL231040K02QG1010268', '2025-01-10', NULL, 'KACL231040K-220250105110', '4', '20250110'),
(190, 'KACL231040K02QG1010269', '2025-01-10', NULL, 'KACL231040K-220250105110', '4', '20250110'),
(191, 'KACL231040K02QG1010270', '2025-01-10', NULL, 'KACL231040K-220250105110', '4', '20250110'),
(192, 'KACL231040K02QG1010271', '2025-01-10', NULL, 'KACL231040K-220250105110', '4', '20250110'),
(193, 'KACL231040K02QG1010272', '2025-01-10', NULL, 'KACL231040K-220250105110', '4', '20250110'),
(194, 'KACL231040K02QG1010273', '2025-01-10', NULL, 'KACL231040K-220250105110', '4', '20250110'),
(195, 'KACL231040K02QG1010274', '2025-01-10', NULL, 'KACL231040K-220250105110', '4', '20250110'),
(196, 'KACL231040K02QG1010275', '2025-01-10', NULL, 'KACL231040K-220250105110', '4', '20250110'),
(197, 'KACL231040K02QG1010276', '2025-01-10', NULL, 'KACL231040K-220250105110', '4', '20250110'),
(198, 'KACL231040K02QG1010277', '2025-01-10', NULL, 'KACL231040K-220250105110', '4', '20250110'),
(199, 'KACL231040K02QG1010278', '2025-01-10', NULL, 'KACL231040K-220250105110', '4', '20250110'),
(200, 'KACL231040K02QG1010279', '2025-01-10', NULL, 'KACL231040K-220250105110', '4', '20250110'),
(201, 'KACL231040K02QG1010280', '2025-01-10', NULL, 'KACL231040K-220250105110', '4', '20250110'),
(202, 'KACL231040K02QG1010281', '2025-01-10', NULL, 'KACL231040K-220250105110', '4', '20250110'),
(203, 'KACL231040K02QG1010283', '2025-01-10', NULL, 'KACL231040K-220250105110', '4', '20250110'),
(204, 'KACL231040K02QG1010282', '2025-01-10', NULL, 'KACL231040K-220250105110', '4', '20250110'),
(205, 'KACL231040K02QG1010284', '2025-01-10', NULL, 'KACL231040K-220250105110', '4', '20250110'),
(206, 'KACL231040K02QG1010285', '2025-01-10', NULL, 'KACL231040K-220250105110', '4', '20250110'),
(207, 'KACL231040K02QG1010286', '2025-01-10', NULL, 'KACL231040K-220250105110', '4', '20250110'),
(208, 'KACL231040K02QG1010287', '2025-01-10', NULL, 'KACL231040K-220250105110', '4', '20250110'),
(209, 'KACL231040K02QG1010288', '2025-01-10', NULL, 'KACL231040K-220250105110', '4', '20250110'),
(210, 'KACL231040K02QG1010290', '2025-01-10', NULL, 'KACL231040K-220250105110', '4', '20250110'),
(211, 'KACL231040K02QG1010292', '2025-01-10', NULL, 'KACL231040K-220250105110', '4', '20250110'),
(212, 'KACL231040K02QG1010293', '2025-01-10', NULL, 'KACL231040K-220250105110', '4', '20250110'),
(213, 'KACL231040K02QG1010294', '2025-01-10', NULL, 'KACL231040K-220250105110', '4', '20250110'),
(214, 'KACL231040K02QG1010295', '2025-01-10', NULL, 'KACL231040K-220250105110', '4', '20250110'),
(215, 'KACL231040K02QG1010296', '2025-01-10', NULL, 'KACL231040K-220250105110', '4', '20250110'),
(216, 'KACL231040K02QG1010297', '2025-01-10', NULL, 'KACL231040K-220250105110', '4', '20250110'),
(217, 'KACL231040K02QG1010298', '2025-01-10', NULL, 'KACL231040K-220250105110', '4', '20250110'),
(218, 'KACL231040K02QG1010299', '2025-01-10', NULL, 'KACL231040K-220250105110', '4', '20250110'),
(219, 'KACL231040K02QG1010300', '2025-01-10', NULL, 'KACL231040K-220250105110', '4', '20250110'),
(220, 'KACL231040K02QG1010301', '2025-01-10', NULL, 'KACL231040K-220250105110', '4', '20250110'),
(221, 'KACL231040K02QG1010302', '2025-01-10', NULL, 'KACL231040K-220250105110', '4', '20250110'),
(222, 'KACL231040K02QG1010303', '2025-01-10', NULL, 'KACL231040K-220250105110', '4', '20250110'),
(223, 'KACL231040K02QG1010304', '2025-01-10', NULL, 'KACL231040K-220250105110', '4', '20250110'),
(224, 'KACL231040K02QG1010305', '2025-01-10', NULL, 'KACL231040K-220250105110', '4', '20250110'),
(225, 'KACL231040K02QG1010306', '2025-01-10', NULL, 'KACL231040K-220250105110', '4', '20250110'),
(226, 'KACL231040K02QG1010307', '2025-01-10', NULL, 'KACL231040K-220250105110', '4', '20250110'),
(227, 'KACL231040K02QG1010308', '2025-01-10', NULL, 'KACL231040K-220250105110', '4', '20250110'),
(228, 'KACL231040K02QG1010309', '2025-01-10', NULL, 'KACL231040K-220250105110', '4', '20250110'),
(229, 'KACL231040K02QG1010310', '2025-01-10', NULL, 'KACL231040K-220250105110', '4', '20250110'),
(230, 'KACL231040K02QG1010311', '2025-01-10', NULL, 'KACL231040K-220250105110', '4', '20250110'),
(231, 'KACL231040K02QG1010312', '2025-01-10', NULL, 'KACL231040K-220250105110', '4', '20250110'),
(232, 'KACL231040K02QG1010313', '2025-01-10', NULL, 'KACL231040K-220250105110', '4', '20250110'),
(233, 'KACL231040K02QG1010314', '2025-01-10', NULL, 'KACL231040K-220250105110', '4', '20250110'),
(234, 'KACL231040K02QG1010315', '2025-01-10', NULL, 'KACL231040K-220250105110', '4', '20250110'),
(235, 'KACL231040K02QG1010316', '2025-01-10', NULL, 'KACL231040K-220250105110', '4', '20250110'),
(236, 'KACL231040K02QG1010317', '2025-01-10', NULL, 'KACL231040K-220250105110', '4', '20250110'),
(237, 'KACL231040K02QG1010318', '2025-01-10', NULL, 'KACL231040K-220250105110', '4', '20250110'),
(238, 'KACL231040K02QG1010319', '2025-01-10', NULL, 'KACL231040K-220250105110', '4', '20250110'),
(239, 'KACL231040K02QG1010320', '2025-01-10', NULL, 'KACL231040K-220250105110', '4', '20250110'),
(240, 'KACL231040K02QG1010321', '2025-01-10', NULL, 'KACL231040K-220250105110', '4', '20250110'),
(241, 'KACL231040K02QG1010322', '2025-01-10', NULL, 'KACL231040K-220250105110', '4', '20250110'),
(242, 'KACL231040K02QG1010323', '2025-01-10', NULL, 'KACL231040K-220250105110', '4', '20250110'),
(243, 'KACL231040K02QG1010324', '2025-01-10', NULL, 'KACL231040K-220250105110', '4', '20250110'),
(244, 'KACL231040K02QG1010325', '2025-01-10', NULL, 'KACL231040K-220250105110', '4', '20250110'),
(245, 'KACL231040K02QG1010326', '2025-01-10', NULL, 'KACL231040K-220250105110', '4', '20250110'),
(246, 'KACL231040K02QG1010327', '2025-01-10', NULL, 'KACL231040K-220250105110', '4', '20250110'),
(247, 'KACL231040K02QG1010328', '2025-01-10', NULL, 'KACL231040K-220250105110', '4', '20250110'),
(248, 'KACL231040K02QG1010329', '2025-01-10', NULL, 'KACL231040K-220250105110', '4', '20250110'),
(249, 'KACL231040K02QG1010330', '2025-01-10', NULL, 'KACL231040K-220250105110', '4', '20250110'),
(250, 'KACL231040K02QG1010331', '2025-01-10', NULL, 'KACL231040K-220250105110', '4', '20250110'),
(251, 'KACL231040K02QG1010332', '2025-01-10', NULL, 'KACL231040K-220250105110', '4', '20250110'),
(252, 'KACL231040K02QG1010333', '2025-01-10', NULL, 'KACL231040K-220250105110', '4', '20250110'),
(253, 'KACL231040K02QG1010334', '2025-01-10', NULL, 'KACL231040K-220250105110', '4', '20250110'),
(254, 'KACL231040K02QG1010335', '2025-01-10', NULL, 'KACL231040K-220250105110', '4', '20250110'),
(255, 'KACL231040K02QG1010336', '2025-01-10', NULL, 'KACL231040K-220250105110', '4', '20250110'),
(256, 'KACL231040K02QG1010337', '2025-01-10', NULL, 'KACL231040K-220250105110', '4', '20250110'),
(257, 'KACL231040K02QG1010338', '2025-01-10', NULL, 'KACL231040K-220250105110', '4', '20250110'),
(258, 'KACL231040K02QG1010339', '2025-01-10', NULL, 'KACL231040K-220250105110', '4', '20250110'),
(259, 'KACL231040K02QG1010340', '2025-01-10', NULL, 'KACL231040K-220250105110', '4', '20250110'),
(260, 'KACL231040K02QG1010341', '2025-01-10', NULL, 'KACL231040K-220250105110', '4', '20250110'),
(261, 'KACL231040K02QG1010342', '2025-01-10', NULL, 'KACL231040K-220250105110', '4', '20250110'),
(262, 'KACL231040K02QG1010343', '2025-01-10', NULL, 'KACL231040K-220250105110', '4', '20250110'),
(263, 'KACL231040K02QG1010344', '2025-01-10', NULL, 'KACL231040K-220250105110', '4', '20250110'),
(264, 'KACL231040K02QG1010345', '2025-01-10', NULL, 'KACL231040K-220250105110', '4', '20250110'),
(265, 'KACL231040K02QG1010346', '2025-01-10', NULL, 'KACL231040K-220250105110', '4', '20250110'),
(266, 'KACL231040K02QG1010347', '2025-01-10', NULL, 'KACL231040K-220250105110', '4', '20250110'),
(267, 'KACL231040K02QG1010348', '2025-01-10', NULL, 'KACL231040K-220250105110', '4', '20250110'),
(268, 'KACL231040K02QG1010349', '2025-01-10', NULL, 'KACL231040K-220250105110', '4', '20250110'),
(269, 'KACL231040K02QG1010350', '2025-01-10', NULL, 'KACL231040K-220250105110', '4', '20250110'),
(270, 'KACL231040K02QG1010351', '2025-01-10', NULL, 'KACL231040K-220250105110', '4', '20250110'),
(271, 'KACL231040K02QG1010352', '2025-01-10', NULL, 'KACL231040K-220250105110', '4', '20250110'),
(272, 'KACL231040K02QG1010353', '2025-01-10', NULL, 'KACL231040K-220250105110', '4', '20250110'),
(273, 'KACL231040K02QG1010354', '2025-01-10', NULL, 'KACL231040K-220250105110', '4', '20250110'),
(274, 'KACL231040K02QG1010355', '2025-01-10', NULL, 'KACL231040K-220250105110', '4', '20250110'),
(275, 'KACL231040K02QG1010356', '2025-01-10', NULL, 'KACL231040K-220250105110', '4', '20250110'),
(276, 'KACL231040K02QG1010357', '2025-01-10', NULL, 'KACL231040K-220250105110', '4', '20250110'),
(277, 'KACL231040K02QG1010358', '2025-01-10', NULL, 'KACL231040K-220250105110', '4', '20250110'),
(278, 'KACL231040K02QG1010359', '2025-01-10', NULL, 'KACL231040K-220250105110', '4', '20250110'),
(279, 'KACL231040K02QG1010360', '2025-01-10', NULL, 'KACL231040K-220250105110', '4', '20250110'),
(280, 'KACL231040K02QG1010361', '2025-01-10', NULL, 'KACL231040K-220250105110', '4', '20250110'),
(281, 'KACL231040K02QG1010362', '2025-01-10', NULL, 'KACL231040K-220250105110', '4', '20250110'),
(282, 'KACL231040K02QG1010363', '2025-01-10', NULL, 'KACL231040K-220250105110', '4', '20250110'),
(283, 'KACL231040K02QG1010364', '2025-01-10', NULL, 'KACL231040K-220250105110', '4', '20250110'),
(284, 'KACL231040K02QG1010365', '2025-01-10', NULL, 'KACL231040K-220250105110', '4', '20250110'),
(285, 'KACL231040K02QG1010366', '2025-01-10', NULL, 'KACL231040K-220250105110', '4', '20250110'),
(286, 'KACL231040K02QG1010367', '2025-01-10', NULL, 'KACL231040K-220250105110', '5', '20250110'),
(287, 'KACL231040K02QG1010368', '2025-01-10', NULL, 'KACL231040K-220250105110', '5', '20250110'),
(288, 'KACL231040K02QG1010369', '2025-01-10', NULL, 'KACL231040K-220250105110', '5', '20250110'),
(289, 'KACL231040K02QG1010370', '2025-01-10', NULL, 'KACL231040K-220250105110', '5', '20250110'),
(290, 'KACL231040K02QG1010371', '2025-01-10', NULL, 'KACL231040K-220250105110', '5', '20250110'),
(291, 'KACL231040K02QG1010372', '2025-01-10', NULL, 'KACL231040K-220250105110', '5', '20250110'),
(292, 'KACL231040K02QG1010373', '2025-01-10', NULL, 'KACL231040K-220250105110', '5', '20250110'),
(293, 'KACL231040K02QG1010374', '2025-01-10', NULL, 'KACL231040K-220250105110', '5', '20250110'),
(294, 'KACL231040K02QG1010375', '2025-01-10', NULL, 'KACL231040K-220250105110', '5', '20250110'),
(295, 'KACL231040K02QG1010376', '2025-01-10', NULL, 'KACL231040K-220250105110', '5', '20250110'),
(296, 'KACL231040K02QG1010377', '2025-01-10', NULL, 'KACL231040K-220250105110', '5', '20250110'),
(297, 'KACL231040K02QG1010378', '2025-01-10', NULL, 'KACL231040K-220250105110', '5', '20250110'),
(298, 'KACL231040K02QG1010379', '2025-01-10', NULL, 'KACL231040K-220250105110', '5', '20250110'),
(299, 'KACL231040K02QG1010380', '2025-01-10', NULL, 'KACL231040K-220250105110', '5', '20250110'),
(300, 'KACL231040K02QG1010381', '2025-01-10', NULL, 'KACL231040K-220250105110', '5', '20250110'),
(301, 'KACL231040K02QG1010382', '2025-01-10', NULL, 'KACL231040K-220250105110', '5', '20250110'),
(302, 'KACL231040K02QG1010383', '2025-01-10', NULL, 'KACL231040K-220250105110', '5', '20250110'),
(303, 'KACL231040K02QG1010384', '2025-01-10', NULL, 'KACL231040K-220250105110', '5', '20250110'),
(304, 'KACL231040K02QG1010385', '2025-01-10', NULL, 'KACL231040K-220250105110', '5', '20250110'),
(305, 'KACL231040K02QG1010386', '2025-01-10', NULL, 'KACL231040K-220250105110', '5', '20250110'),
(306, 'KACL231040K02QG1010387', '2025-01-10', NULL, 'KACL231040K-220250105110', '5', '20250110'),
(307, 'KACL231040K02QG1010388', '2025-01-10', NULL, 'KACL231040K-220250105110', '5', '20250110'),
(308, 'KACL231040K02QG1010389', '2025-01-10', NULL, 'KACL231040K-220250105110', '5', '20250110'),
(309, 'KACL231040K02QG1010390', '2025-01-10', NULL, 'KACL231040K-220250105110', '5', '20250110'),
(310, 'KACL231040K02QG1010391', '2025-01-10', NULL, 'KACL231040K-220250105110', '5', '20250110'),
(311, 'KACL231040K02QG1010392', '2025-01-10', NULL, 'KACL231040K-220250105110', '5', '20250110'),
(312, 'KACL231040K02QG1010393', '2025-01-10', NULL, 'KACL231040K-220250105110', '5', '20250110'),
(313, 'KACL231040K02QG1010394', '2025-01-10', NULL, 'KACL231040K-220250105110', '5', '20250110'),
(314, 'KACL231040K02QG1010396', '2025-01-10', NULL, 'KACL231040K-220250105110', '5', '20250110'),
(315, 'KACL231040K02QG1010398', '2025-01-10', NULL, 'KACL231040K-220250105110', '5', '20250110'),
(316, 'KACL231040K02QG1010399', '2025-01-10', NULL, 'KACL231040K-220250105110', '5', '20250110'),
(317, 'KACL231040K02QG1010401', '2025-01-10', NULL, 'KACL231040K-220250105110', '5', '20250110'),
(318, 'KACL231040K02QG1010403', '2025-01-10', NULL, 'KACL231040K-220250105110', '5', '20250110'),
(319, 'KACL231040K02QG1010404', '2025-01-10', NULL, 'KACL231040K-220250105110', '5', '20250110'),
(320, 'KACL231040K02QG1010405', '2025-01-10', NULL, 'KACL231040K-220250105110', '5', '20250110'),
(321, 'KACL231040K02QG1010406', '2025-01-10', NULL, 'KACL231040K-220250105110', '5', '20250110'),
(322, 'KACL231040K02QG1010395', '2025-01-10', NULL, 'KACL231040K-220250105110', '5', '20250110'),
(323, 'KACL231040K02QG1010397', '2025-01-10', NULL, 'KACL231040K-220250105110', '5', '20250110'),
(324, 'KACL231040K02QG1010402', '2025-01-10', NULL, 'KACL231040K-220250105110', '5', '20250110'),
(325, 'KACL231040K02QG1010400', '2025-01-10', NULL, 'KACL231040K-220250105110', '5', '20250110'),
(326, 'KACL231040K02QG1010407', '2025-01-10', NULL, 'KACL231040K-220250105110', '5', '20250110'),
(327, 'KACL231040K02QG1010408', '2025-01-10', NULL, 'KACL231040K-220250105110', '5', '20250110'),
(328, 'KACL231040K02QG1010409', '2025-01-10', NULL, 'KACL231040K-220250105110', '5', '20250110'),
(329, 'KACL231040K02QG1010410', '2025-01-10', NULL, 'KACL231040K-220250105110', '5', '20250110'),
(330, 'KACL231040K02QG1010411', '2025-01-10', NULL, 'KACL231040K-220250105110', '5', '20250110'),
(331, 'KACL231040K02QG1010412', '2025-01-10', NULL, 'KACL231040K-220250105110', '5', '20250110'),
(332, 'KACL231040K02QG1010413', '2025-01-10', NULL, 'KACL231040K-220250105110', '5', '20250110'),
(333, 'KACL231040K02QG1010414', '2025-01-10', NULL, 'KACL231040K-220250105110', '5', '20250110'),
(334, 'KACL231040K02QG1010415', '2025-01-10', NULL, 'KACL231040K-220250105110', '5', '20250110'),
(335, 'KACL231040K02QG1010416', '2025-01-10', NULL, 'KACL231040K-220250105110', '5', '20250110'),
(336, 'KACL231040K02QG1010417', '2025-01-10', NULL, 'KACL231040K-220250105110', '5', '20250110'),
(337, 'KACL231040K02QG1010418', '2025-01-10', NULL, 'KACL231040K-220250105110', '5', '20250110'),
(338, 'KACL231040K02QG1010419', '2025-01-10', NULL, 'KACL231040K-220250105110', '5', '20250110'),
(339, 'KACL231040K02QG1010420', '2025-01-10', NULL, 'KACL231040K-220250105110', '5', '20250110'),
(340, 'KACL231040K02QG1010421', '2025-01-10', NULL, 'KACL231040K-220250105110', '5', '20250110'),
(341, 'KACL231040K02QG1010422', '2025-01-10', NULL, 'KACL231040K-220250105110', '5', '20250110'),
(342, 'KACL231040K02QG1010423', '2025-01-10', NULL, 'KACL231040K-220250105110', '5', '20250110'),
(343, 'KACL231040K02QG1010424', '2025-01-10', NULL, 'KACL231040K-220250105110', '5', '20250110'),
(344, 'KACL231040K02QG1010425', '2025-01-10', NULL, 'KACL231040K-220250105110', '5', '20250110'),
(345, 'KACL231040K02QG1010426', '2025-01-10', NULL, 'KACL231040K-220250105110', '5', '20250110'),
(346, 'KACL231040K02QG1010427', '2025-01-10', NULL, 'KACL231040K-220250105110', '5', '20250110'),
(347, 'KACL231040K02QG1010428', '2025-01-10', NULL, 'KACL231040K-220250105110', '5', '20250110'),
(348, 'KACL231040K02QG1010429', '2025-01-10', NULL, 'KACL231040K-220250105110', '5', '20250110'),
(349, 'KACL231040K02QG1010430', '2025-01-10', NULL, 'KACL231040K-220250105110', '5', '20250110'),
(350, 'KACL231040K02QG1010431', '2025-01-10', NULL, 'KACL231040K-220250105110', '5', '20250110'),
(351, 'KACL231040K02QG1010432', '2025-01-10', NULL, 'KACL231040K-220250105110', '5', '20250110'),
(352, 'KACL231040K02QG1010433', '2025-01-10', NULL, 'KACL231040K-220250105110', '5', '20250110'),
(353, 'KACL231040K02QG1010434', '2025-01-10', NULL, 'KACL231040K-220250105110', '5', '20250110'),
(354, 'KACL231040K02QG1010435', '2025-01-10', NULL, 'KACL231040K-220250105110', '5', '20250110'),
(355, 'KACL231040K02QG1010436', '2025-01-10', NULL, 'KACL231040K-220250105110', '5', '20250110'),
(356, 'KACL231040K02QG1010437', '2025-01-10', NULL, 'KACL231040K-220250105110', '5', '20250110'),
(357, 'KACL231040K02QG1010438', '2025-01-10', NULL, 'KACL231040K-220250105110', '5', '20250110'),
(358, 'KACL231040K02QG1010439', '2025-01-10', NULL, 'KACL231040K-220250105110', '5', '20250110'),
(359, 'KACL231040K02QG1010440', '2025-01-10', NULL, 'KACL231040K-220250105110', '5', '20250110'),
(360, 'KACL231040K02QG1010441', '2025-01-10', NULL, 'KACL231040K-220250105110', '5', '20250110'),
(361, 'KACL231040K02QG1010442', '2025-01-10', NULL, 'KACL231040K-220250105110', '5', '20250110'),
(362, 'KACL231040K02QG1010443', '2025-01-10', NULL, 'KACL231040K-220250105110', '5', '20250110'),
(363, 'KACL231040K02QG1010444', '2025-01-10', NULL, 'KACL231040K-220250105110', '5', '20250110'),
(364, 'KACL231040K02QG1010445', '2025-01-10', NULL, 'KACL231040K-220250105110', '5', '20250110'),
(365, 'KACL231040K02QG1010446', '2025-01-10', NULL, 'KACL231040K-220250105110', '5', '20250110'),
(366, 'KACL231040K02QG1010447', '2025-01-10', NULL, 'KACL231040K-220250105110', '5', '20250110'),
(367, 'KACL231040K02QG1010448', '2025-01-10', NULL, 'KACL231040K-220250105110', '5', '20250110'),
(368, 'KACL231040K02QG1010449', '2025-01-10', NULL, 'KACL231040K-220250105110', '5', '20250110'),
(369, 'KACL231040K02QG1010450', '2025-01-10', NULL, 'KACL231040K-220250105110', '5', '20250110'),
(370, 'KACL231040K02QG1010451', '2025-01-10', NULL, 'KACL231040K-220250105110', '5', '20250110'),
(371, 'KACL231040K02QG1010452', '2025-01-10', NULL, 'KACL231040K-220250105110', '5', '20250110'),
(372, 'KACL231040K02QG1010453', '2025-01-10', NULL, 'KACL231040K-220250105110', '5', '20250110'),
(373, 'KACL231040K02QG1010454', '2025-01-10', NULL, 'KACL231040K-220250105110', '5', '20250110'),
(374, 'KACL231040K02QG1010455', '2025-01-10', NULL, 'KACL231040K-220250105110', '5', '20250110'),
(375, 'KACL231040K02QG1010456', '2025-01-10', NULL, 'KACL231040K-220250105110', '5', '20250110'),
(376, 'KACL231040K02QG1010457', '2025-01-10', NULL, 'KACL231040K-220250105110', '5', '20250110'),
(377, 'KACL231040K02QG1010458', '2025-01-10', NULL, 'KACL231040K-220250105110', '5', '20250110'),
(378, 'KACL231040K02QG1010459', '2025-01-10', NULL, 'KACL231040K-220250105110', '5', '20250110'),
(379, 'KACL231040K02QG1010460', '2025-01-10', NULL, 'KACL231040K-220250105110', '5', '20250110'),
(380, 'KACL231040K02QG1010461', '2025-01-10', NULL, 'KACL231040K-220250105110', '5', '20250110'),
(381, 'KACL231040K02QG1010462', '2025-01-10', NULL, 'KACL231040K-220250105110', '5', '20250110'),
(382, 'KACL231040K02QG1010463', '2025-01-10', NULL, 'KACL231040K-220250105110', '5', '20250110'),
(383, 'KACL231040K02QG1010464', '2025-01-10', NULL, 'KACL231040K-220250105110', '5', '20250110'),
(384, 'KACL231040K02QG1010465', '2025-01-10', NULL, 'KACL231040K-220250105110', '5', '20250110'),
(385, 'KACL231040K02QG1010466', '2025-01-10', NULL, 'KACL231040K-220250105110', '5', '20250110'),
(386, 'KACL231040K02QG1010468', '2025-01-10', NULL, 'KACL231040K-220250105110', '6', '20250110'),
(387, 'KACL231040K02QG1010469', '2025-01-10', NULL, 'KACL231040K-220250105110', '6', '20250110'),
(388, 'KACL231040K02QG1010470', '2025-01-10', NULL, 'KACL231040K-220250105110', '6', '20250110'),
(389, 'KACL231040K02QG1010471', '2025-01-10', NULL, 'KACL231040K-220250105110', '6', '20250110'),
(390, 'KACL231040K02QG1010472', '2025-01-10', NULL, 'KACL231040K-220250105110', '6', '20250110'),
(391, 'KACL231040K02QG1010473', '2025-01-10', NULL, 'KACL231040K-220250105110', '6', '20250110'),
(392, 'KACL231040K02QG1010474', '2025-01-10', NULL, 'KACL231040K-220250105110', '6', '20250110'),
(393, 'KACL231040K02QG1010475', '2025-01-10', NULL, 'KACL231040K-220250105110', '6', '20250110'),
(394, 'KACL231040K02QG1010476', '2025-01-10', NULL, 'KACL231040K-220250105110', '6', '20250110'),
(395, 'KACL231040K02QG1010477', '2025-01-10', NULL, 'KACL231040K-220250105110', '6', '20250110'),
(396, 'KACL231040K02QG1010478', '2025-01-10', NULL, 'KACL231040K-220250105110', '6', '20250110'),
(397, 'KACL231040K02QG1010479', '2025-01-10', NULL, 'KACL231040K-220250105110', '6', '20250110'),
(398, 'KACL231040K02QG1010480', '2025-01-10', NULL, 'KACL231040K-220250105110', '6', '20250110'),
(399, 'KACL231040K02QG1010481', '2025-01-10', NULL, 'KACL231040K-220250105110', '6', '20250110'),
(400, 'KACL231040K02QG1010482', '2025-01-10', NULL, 'KACL231040K-220250105110', '6', '20250110'),
(401, 'KACL231040K02QG1010484', '2025-01-10', NULL, 'KACL231040K-220250105110', '6', '20250110'),
(402, 'KACL231040K02QG1010486', '2025-01-10', NULL, 'KACL231040K-220250105110', '6', '20250110'),
(403, 'KACL231040K02QG1010487', '2025-01-10', NULL, 'KACL231040K-220250105110', '6', '20250110'),
(404, 'KACL231040K02QG1010488', '2025-01-10', NULL, 'KACL231040K-220250105110', '6', '20250110'),
(405, 'KACL231040K02QG1010489', '2025-01-10', NULL, 'KACL231040K-220250105110', '6', '20250110'),
(406, 'KACL231040K02QG1010490', '2025-01-10', NULL, 'KACL231040K-220250105110', '6', '20250110'),
(407, 'KACL231040K02QG1010491', '2025-01-10', NULL, 'KACL231040K-220250105110', '6', '20250110'),
(408, 'KACL231040K02QG1010492', '2025-01-10', NULL, 'KACL231040K-220250105110', '6', '20250110'),
(409, 'KACL231040K02QG1010493', '2025-01-10', NULL, 'KACL231040K-220250105110', '6', '20250110'),
(410, 'KACL231040K02QG1010494', '2025-01-10', NULL, 'KACL231040K-220250105110', '6', '20250110'),
(411, 'KACL231040K02QG1010495', '2025-01-10', NULL, 'KACL231040K-220250105110', '6', '20250110'),
(412, 'KACL231040K02QG1010496', '2025-01-10', NULL, 'KACL231040K-220250105110', '6', '20250110'),
(413, 'KACL231040K02QG1010497', '2025-01-10', NULL, 'KACL231040K-220250105110', '6', '20250110'),
(414, 'KACL231040K02QG1010498', '2025-01-10', NULL, 'KACL231040K-220250105110', '6', '20250110'),
(415, 'KACL231040K02QG1010499', '2025-01-10', NULL, 'KACL231040K-220250105110', '6', '20250110'),
(416, 'KACL231040K02QG1010500', '2025-01-10', NULL, 'KACL231040K-220250105110', '6', '20250110'),
(417, 'KACL231040K02QG1010501', '2025-01-10', NULL, 'KACL231040K-220250105110', '6', '20250110'),
(418, 'KACL231040K02QG1010502', '2025-01-10', NULL, 'KACL231040K-220250105110', '6', '20250110'),
(419, 'KACL231040K02QG1010503', '2025-01-10', NULL, 'KACL231040K-220250105110', '6', '20250110'),
(420, 'KACL231040K02QG1010504', '2025-01-10', NULL, 'KACL231040K-220250105110', '6', '20250110'),
(421, 'KACL231040K02QG1010505', '2025-01-10', NULL, 'KACL231040K-220250105110', '6', '20250110'),
(422, 'KACL231040K02QG1010485', '2025-01-10', NULL, 'KACL231040K-220250105110', '6', '20250110'),
(423, 'KACL231040K02QG1010506', '2025-01-10', NULL, 'KACL231040K-220250105110', '6', '20250110'),
(424, 'KACL231040K02QG1010507', '2025-01-10', NULL, 'KACL231040K-220250105110', '6', '20250110'),
(425, 'KACL231040K02QG1010508', '2025-01-10', NULL, 'KACL231040K-220250105110', '6', '20250110'),
(426, 'KACL231040K02QG1010509', '2025-01-10', NULL, 'KACL231040K-220250105110', '6', '20250110'),
(427, 'KACL231040K02QG1010510', '2025-01-10', NULL, 'KACL231040K-220250105110', '6', '20250110'),
(428, 'KACL231040K02QG1010511', '2025-01-10', NULL, 'KACL231040K-220250105110', '6', '20250110'),
(429, 'KACL231040K02QG1010512', '2025-01-10', NULL, 'KACL231040K-220250105110', '6', '20250110'),
(430, 'KACL231040K02QG1010513', '2025-01-10', NULL, 'KACL231040K-220250105110', '6', '20250110'),
(431, 'KACL231040K02QG1010514', '2025-01-10', NULL, 'KACL231040K-220250105110', '6', '20250110'),
(432, 'KACL231040K02QG1010515', '2025-01-10', NULL, 'KACL231040K-220250105110', '6', '20250110'),
(433, 'KACL231040K02QG1010516', '2025-01-10', NULL, 'KACL231040K-220250105110', '6', '20250110'),
(434, 'KACL231040K02QG1010517', '2025-01-10', NULL, 'KACL231040K-220250105110', '6', '20250110'),
(435, 'KACL231040K02QG1010518', '2025-01-10', NULL, 'KACL231040K-220250105110', '6', '20250110'),
(436, 'KACL231040K02QG1010519', '2025-01-10', NULL, 'KACL231040K-220250105110', '6', '20250110'),
(437, 'KACL231040K02QG1010520', '2025-01-10', NULL, 'KACL231040K-220250105110', '6', '20250110'),
(438, 'KACL231040K02QG1010521', '2025-01-10', NULL, 'KACL231040K-220250105110', '6', '20250110'),
(439, 'KACL231040K02QG1010522', '2025-01-10', NULL, 'KACL231040K-220250105110', '6', '20250110'),
(440, 'KACL231040K02QG1010523', '2025-01-10', NULL, 'KACL231040K-220250105110', '6', '20250110'),
(441, 'KACL231040K02QG1010524', '2025-01-10', NULL, 'KACL231040K-220250105110', '6', '20250110'),
(442, 'KACL231040K02QG1010525', '2025-01-10', NULL, 'KACL231040K-220250105110', '6', '20250110'),
(443, 'KACL231040K02QG1010526', '2025-01-10', NULL, 'KACL231040K-220250105110', '6', '20250110'),
(444, 'KACL231040K02QG1010527', '2025-01-10', NULL, 'KACL231040K-220250105110', '6', '20250110'),
(445, 'KACL231040K02QG1010528', '2025-01-10', NULL, 'KACL231040K-220250105110', '6', '20250110'),
(446, 'KACL231040K02QG1010529', '2025-01-10', NULL, 'KACL231040K-220250105110', '6', '20250110'),
(447, 'KACL231040K02QG1010530', '2025-01-10', NULL, 'KACL231040K-220250105110', '6', '20250110'),
(448, 'KACL231040K02QG1010531', '2025-01-10', NULL, 'KACL231040K-220250105110', '6', '20250110'),
(449, 'KACL231040K02QG1010532', '2025-01-10', NULL, 'KACL231040K-220250105110', '6', '20250110'),
(450, 'KACL231040K02QG1010533', '2025-01-10', NULL, 'KACL231040K-220250105110', '6', '20250110'),
(451, 'KACL231040K02QG1010534', '2025-01-10', NULL, 'KACL231040K-220250105110', '6', '20250110'),
(452, 'KACL231040K02QG1010535', '2025-01-10', NULL, 'KACL231040K-220250105110', '6', '20250110'),
(453, 'KACL231040K02QG1010536', '2025-01-10', NULL, 'KACL231040K-220250105110', '6', '20250110'),
(454, 'KACL231040K02QG1010537', '2025-01-10', NULL, 'KACL231040K-220250105110', '6', '20250110'),
(455, 'KACL231040K02QG1010538', '2025-01-10', NULL, 'KACL231040K-220250105110', '6', '20250110'),
(456, 'KACL231040K02QG1010539', '2025-01-10', NULL, 'KACL231040K-220250105110', '7', '20250110'),
(457, 'KACL231040K02QG1010540', '2025-01-10', NULL, 'KACL231040K-220250105110', '7', '20250110'),
(458, 'KACL231040K02QG1010541', '2025-01-10', NULL, 'KACL231040K-220250105110', '7', '20250110'),
(459, 'KACL231040K02QG1010542', '2025-01-10', NULL, 'KACL231040K-220250105110', '7', '20250110'),
(460, 'q', '2025-01-10', NULL, 'KACL231040K-220250105110', '8', '20250110'),
(461, 'w', '2025-01-10', NULL, 'KACL231040K-220250105110', '8', '20250110'),
(462, '1', '2025-01-10', NULL, 'KACL231040K-220250105110', '9', '20250110'),
(463, '2', '2025-01-10', NULL, 'KACL231040K-220250105110', '9', '20250110'),
(464, '3', '2025-01-10', NULL, 'KACL231040K-220250105110', '9', '20250110');

DROP TABLE IF EXISTS SCM_REGISTER;
CREATE TABLE `SCM_REGISTER` (
  `NO` int(11) NOT NULL AUTO_INCREMENT,
  `BARCODE` varchar(50) NOT NULL,
  `REG_DATE` date NOT NULL DEFAULT current_timestamp(),
  PRIMARY KEY (`NO`)
) ENGINE=InnoDB AUTO_INCREMENT=785 DEFAULT CHARSET=utf8;

INSERT INTO SCM_REGISTER (NO, BARCODE, REG_DATE) VALUES
(1, 'KAEL230041K01QD1810115', '2024-09-06'),
(2, 'KAEL230041K01QD1810114', '2024-09-06'),
(3, 'KAEL230041K01QD1810113', '2024-09-06'),
(4, 'KAEL230041K01QD1810112', '2024-09-06'),
(5, 'KAEL230041K01QD1810111', '2024-09-06'),
(6, 'KACL231040K02QI0510037', '2024-09-06'),
(7, 'KACL231040K02QI0510023', '2024-09-06'),
(8, 'KACL231040K02QI0510024', '2024-09-06'),
(9, 'KACL231040K02QI0510025', '2024-09-06'),
(10, 'KACL231040K02QI0510008', '2024-09-06'),
(11, 'KACL231050K02QE2310300', '2024-09-06'),
(12, 'KACL231050K02QE2310299', '2024-09-06'),
(13, 'KACL231050K02QE2310298', '2024-09-06'),
(14, 'KACL231050K02QE2310297', '2024-09-06'),
(15, 'KACL231050K02QE2310296', '2024-09-06'),
(16, 'KACL230090K00QD2210583', '2024-09-06'),
(17, 'KACL230090K00QD2210582', '2024-09-06'),
(18, 'KACL230090K00QD2210581', '2024-09-06'),
(19, 'KACL230090K00QD2210580', '2024-09-06'),
(20, 'KACL230090K00QD2210579', '2024-09-06'),
(21, 'KACL230090K00QD3010350', '2024-09-07'),
(22, 'KACL230090K00QD3010349', '2024-09-07'),
(23, 'KACL230090K00QD3010348', '2024-09-07'),
(24, 'KACL230090K00QD3010347', '2024-09-07'),
(25, 'KACL230090K00QD3010346', '2024-09-07'),
(26, 'KAEL230041K01QD1710026', '2024-09-07'),
(27, 'KAEL230041K01QD1710027', '2024-09-07'),
(28, 'KAEL230041K01QD1710028', '2024-09-07'),
(29, 'KAEL230041K01QD1710029', '2024-09-07'),
(30, 'KAEL230041K01QD1710030', '2024-09-07'),
(31, 'KABL230080K01QH2710426', '2024-09-07'),
(32, 'KABL230080K01QH2710427', '2024-09-07'),
(33, 'KABL230080K01QH2710421', '2024-09-07'),
(34, 'KABL230080K01QH2710425', '2024-09-07'),
(35, 'KACL231050K02QI0911391', '2024-09-10'),
(36, 'KACL231050K02QI0911393', '2024-09-10'),
(37, 'KACL231050K02QI0911395', '2024-09-10'),
(38, 'KACL231050K02QI0911314', '2024-09-10'),
(39, 'KACL231050K02QI0911313', '2024-09-10'),
(40, 'KADL230220K00QI1011127', '2024-09-10'),
(41, 'KADL230220K00QI1011126', '2024-09-10'),
(42, 'KADL230220K00QI1011125', '2024-09-10'),
(43, 'KAEL230041K01QD2210080', '2024-09-11'),
(44, 'KAEL230041K01QD2210079', '2024-09-11'),
(45, 'KAEL230041K01QD2210078', '2024-09-11'),
(46, 'KAEL230041K01QD2210077', '2024-09-11'),
(47, 'KAEL230041K01QD2210076', '2024-09-11'),
(48, 'KADL230230K00QI1012247', '2024-09-11'),
(49, 'KADL230230K00QI1012248', '2024-09-11'),
(50, 'KADL230230K00QI1012250', '2024-09-11'),
(51, 'KADL230230K00QI1012246', '2024-09-11'),
(52, 'KADL230230K00QI1012249', '2024-09-11'),
(53, 'KACL231050K02QI1012482', '2024-09-11'),
(54, 'KACL231050K02QI1012483', '2024-09-11'),
(55, 'KACL231050K02QI1012561', '2024-09-11'),
(56, 'KACL231050K02QI1012559', '2024-09-11'),
(57, 'KACL231050K02QI1012560', '2024-09-11'),
(58, 'KABL230011K01QI1011691', '2024-09-11'),
(59, 'KABL230011K01QI1011691', '2024-09-11'),
(60, 'KABL230011K01QI1011685', '2024-09-11'),
(61, 'KABL230011K01QI1011693', '2024-09-11'),
(62, 'KACL231040K02QI1210394', '2024-09-12'),
(63, 'KACL231040K02QI1210395', '2024-09-12'),
(64, 'KACL231040K02QI1210396', '2024-09-12'),
(65, 'KADL230220K00QI1011986', '2024-09-12'),
(66, 'KADL230220K00QI1011984', '2024-09-12'),
(67, 'KADL230220K00QI1011985', '2024-09-12'),
(68, 'KABL230011K01QI1210514', '2024-09-12'),
(69, 'KABL230011K01QI1210513', '2024-09-12'),
(70, 'KABL230011K01QI1210503', '2024-09-12'),
(71, 'KACL230090K00QE3110689', '2024-09-23'),
(72, 'KACL230090K00QE3110690', '2024-09-23'),
(73, 'KACL230090K00QE3110691', '2024-09-23'),
(74, 'KABL230011K01QI2310004', '2024-09-23'),
(75, 'KABL230011K01QI2310003', '2024-09-23'),
(76, 'KABL230011K01QI2310002', '2024-09-23'),
(77, 'KADL230230K00QI2311041', '2024-09-23'),
(78, 'KADL230230K00QI2311042', '2024-09-23'),
(79, 'KADL230230K00QI2311043', '2024-09-23'),
(80, 'KADL230220K00QI2310323', '2024-09-23'),
(81, 'KADL230220K00QI230324', '2024-09-23'),
(82, 'KADL230220K00QI2310325', '2024-09-23'),
(83, 'KACL230090K00QI2010091', '2024-09-25'),
(84, 'KACL230090K00QI2010276', '2024-09-25'),
(85, 'KACL230090K00QI2010492', '2024-09-25'),
(86, 'KADL230220K00QI2310404', '2024-09-25'),
(87, 'KADL230220K00QI2310403', '2024-09-25'),
(88, 'KADL230220K00QI2310402', '2024-09-25'),
(89, 'KADL230230K00QI2310737', '2024-09-25'),
(90, 'KADL230230K00QI2310736', '2024-09-25'),
(91, 'KADL230230K00QI2310734', '2024-09-25'),
(92, 'KABL230011K01QI2311329', '2024-09-25'),
(93, 'KABL230011K01QI2311333', '2024-09-25'),
(94, 'KABL230011K01QI2311331', '2024-09-25'),
(95, 'KACL231040K02QI2510678', '2024-09-26'),
(96, 'KACL231040K02QI2510679', '2024-09-26'),
(97, 'KACL231040K02QI2510680', '2024-09-26'),
(98, 'KACL231040K02QI2510681', '2024-09-26'),
(99, 'KACL230090K00QI2010516', '2024-09-26'),
(100, 'KACL230090K00QI2010517', '2024-09-26'),
(101, 'KACL230090K00QI2010518', '2024-09-26'),
(102, 'KABL230011K01QI2510555', '2024-09-26'),
(103, 'KABL230011K01QI2510554', '2024-09-26'),
(104, 'KABL230011K01QI2510553', '2024-09-26'),
(105, 'KADL230220K00QI2310572', '2024-09-26'),
(106, 'KADL230220K00QI2310570', '2024-09-26'),
(107, 'KADL230220K00QI2310571', '2024-09-26'),
(108, 'KADL230230K00QI2311031', '2024-09-26'),
(109, 'KADL230230K00QI2311035', '2024-09-26'),
(110, 'KADL230230K00QI2311033', '2024-09-26'),
(111, 'KABL230010K02QI2610203', '2024-09-27'),
(112, 'KABL230010K02QI2610201', '2024-09-27'),
(113, 'KABL230010K02QI2610197', '2024-09-27'),
(114, 'KABL230010K02QI2610199', '2024-09-27'),
(115, 'KABL230010K02QI2610204', '2024-09-27'),
(116, 'KACL230090K00QI2010973', '2024-09-27'),
(117, 'KACL230090K00QI2010972', '2024-09-27'),
(118, 'KACL230090K00QI2010971', '2024-09-27'),
(119, 'KACL231050K02QI2510932', '2024-09-27'),
(120, 'KACL231050K02QI2510930', '2024-09-27'),
(121, 'KACL231050K02QI2510929', '2024-09-27'),
(122, 'kaKACL230090K00QI2010991치230090ㅏ00뺘2010991', '2024-10-01'),
(123, 'KACL230090K00QI2010992', '2024-10-01'),
(124, 'KACL230090K00QI2010993', '2024-10-01'),
(125, 'KAEL230041K01QD1910059', '2024-10-01'),
(126, 'KAEL230041K01QD1910058', '2024-10-01'),
(127, 'KACL230090K00QI2011161', '2024-10-02'),
(128, 'KACL230090K00QI2011162', '2024-10-02'),
(129, 'KACL230090K00QI2011163', '2024-10-02'),
(130, 'KAEL230041K01QE0310169', '2024-10-04'),
(131, 'KAEL230041K01QE0310168', '2024-10-04'),
(132, 'KAEL230041K01QE0310167', '2024-10-04'),
(133, 'KACL230090K00QJ0211398', '2024-10-07'),
(134, 'KACL230090K00QJ0211399', '2024-10-07'),
(135, 'KACL230090K00QJ0211400', '2024-10-07'),
(136, 'KACL230090K00QJ0211479', '2024-10-08'),
(137, 'KACL230090K00QJ0211479', '2024-10-08'),
(138, 'KACL230090K00QJ0211480', '2024-10-08'),
(139, 'KACL230090K00QJ0210991', '2024-10-10'),
(140, 'KACL230090K00QJ0210992', '2024-10-10'),
(141, 'KACL230090K00QJ0210993', '2024-10-10'),
(142, 'KADL230220K00QJ0910073', '2024-10-10'),
(143, 'KADL230220K00QJ0910074', '2024-10-10'),
(144, 'KADL230220K00QJ0910076', '2024-10-10'),
(145, 'KADL230230K00QJ0910081', '2024-10-10'),
(146, 'KADL230230K00QJ0910079', '2024-10-10'),
(147, 'KADL230230K00QJ0910080', '2024-10-10'),
(148, 'KACL231050K02QJ1010193', '2024-10-10'),
(149, 'KACL231050K02QJ1010192', '2024-10-10'),
(150, 'KACL231050K02QJ1010191', '2024-10-10'),
(151, 'KAAL230090K01QE3110043', '2024-10-11'),
(152, 'KAAL230090K01QE3110043', '2024-10-11'),
(153, 'KAAL230011K01QJ0710468', '2024-10-11'),
(154, 'KAAL230090K01QE3110015', '2024-10-11'),
(155, 'KAAL230011K01QJ0710469', '2024-10-11'),
(156, 'KAAL230011K01QJ0710460', '2024-10-11'),
(157, 'KABL230011K01QJ0710053', '2024-10-11'),
(158, 'KABL230011K01QJ0710058', '2024-10-11'),
(159, 'KABL230011K01QJ0710056', '2024-10-11'),
(160, 'KACL231050K02QJ1110637', '2024-10-11'),
(161, 'KACL231050K02QJ1110636', '2024-10-11'),
(162, 'KACL231050K02QJ1110635', '2024-10-11'),
(163, 'KACL230090K00QJ1110427', '2024-10-11'),
(164, 'KACL230090K00QJ1110246', '2024-10-11'),
(165, 'KACL230090K00QJ1110426', '2024-10-11'),
(166, 'KADL230220K00QJ1111285', '2024-10-14'),
(167, 'KADL230220K00QJ1111284', '2024-10-14'),
(168, 'KADL230220K00QJ1111283', '2024-10-14'),
(169, 'KADL230230K00QJ1111226', '2024-10-14'),
(170, 'KADL230230K00QJ1111225', '2024-10-14'),
(171, 'KADL230230K00QJ1111227', '2024-10-14'),
(172, 'KACL230090K00QJ1410162', '2024-10-14'),
(173, 'KACL230090K00QJ1410163', '2024-10-14'),
(174, 'KACL230090K00QJ1410004', '2024-10-14'),
(175, 'KACL231050K02QJ1410309', '2024-10-14'),
(176, 'KACL231050K02QJ1410310', '2024-10-14'),
(177, 'KACL231050K02QJ1410311', '2024-10-14'),
(178, 'kaal230090K01QE3010646', '2024-10-15'),
(179, 'KAAL230090K01QE3010647', '2024-10-15'),
(180, 'KAAL230090K01QE3010633', '2024-10-15'),
(181, 'KACL230090K00QJ1410975', '2024-10-15'),
(182, 'KACL230090K00QJ1410974', '2024-10-15'),
(183, 'KACL230090K00QJ1410973', '2024-10-15'),
(184, 'KACL231050K02QJ1411378', '2024-10-15'),
(185, 'KACL231050K02QJ1411369', '2024-10-15'),
(186, 'KACL231050K02QJ1411368', '2024-10-15'),
(187, 'KACL231050K02QJ1810874', '2024-10-17'),
(188, 'KACL231050K02QJ1810875', '2024-10-17'),
(189, 'KACL231050K02QJ1810876', '2024-10-17'),
(190, 'KACL231040K02QJ1710012', '2024-10-17'),
(191, 'KACL231040K02QJ1710031', '2024-10-17'),
(192, 'KACL231040K02QJ1710030', '2024-10-17'),
(193, 'KAEL230041K01QE1410490', '2024-10-17'),
(194, 'KAEL230041K01QE1410489', '2024-10-17'),
(195, 'KAEL230041K01QE1410488', '2024-10-17'),
(196, 'KACL230090K00QJ1710624', '2024-10-17'),
(197, 'KACL230090K00QJ1710623', '2024-10-17'),
(198, 'KACL230090K00QJ1710622', '2024-10-17'),
(199, ' KAAL230011K01QJ1710818', '2024-10-17'),
(200, 'KAAL230011K01QJ1710816', '2024-10-17'),
(201, 'KAAL230011K01QJ1710815', '2024-10-17'),
(202, 'KABL230011K01QJ1810385', '2024-10-17'),
(203, 'KABL230011K01QJ1810387', '2024-10-17'),
(204, 'KABL230011K01QJ1810382', '2024-10-17'),
(205, 'KAAL230090K01QH1910092', '2024-10-17'),
(206, 'KAAL230090K01QH1910134', '2024-10-17'),
(207, 'KAAL230090K01QH1910090', '2024-10-17'),
(208, 'KACL231040K02QJ1810793', '2024-10-22'),
(209, 'KACL231040K02QJ1810794', '2024-10-22'),
(210, 'KACL231040K02QJ1810795', '2024-10-22'),
(211, 'KAEL230041K01QE0210350', '2024-10-22'),
(212, 'KAEL230041K01QE0210349', '2024-10-22'),
(213, 'KAEL230041K01QE0210348', '2024-10-22'),
(214, 'KAAL230090K01QJ1811935', '2024-10-22'),
(215, 'KAAL230090K01QJ1811944', '2024-10-22'),
(216, 'KAAL230090K01QJ1811931', '2024-10-22'),
(217, 'KADL230230K00QJ2110277', '2024-10-22'),
(218, 'KADL230230K00QJ2110278', '2024-10-22'),
(219, 'KADL230230K00QJ2110279', '2024-10-22'),
(220, 'KACL230090K00QJ2211301', '2024-10-22'),
(221, 'KACL230090K00QJ2211302', '2024-10-22'),
(222, 'KACL230090K00QJ2211303', '2024-10-22'),
(223, 'KACL230090K00QJ2311110', '2024-10-24'),
(224, 'KACL230090K00QJ2311109', '2024-10-24'),
(225, 'KACL230090K00QJ2311108', '2024-10-24'),
(226, 'KAEL230041K01QD2610470', '2024-10-24'),
(227, 'KAEL230041K01QD2610469', '2024-10-24'),
(228, 'KAEL230041K01QD2610468', '2024-10-24'),
(229, 'KADL230230K00QJ2110194', '2024-10-24'),
(230, 'KADL230230K00QJ2110196', '2024-10-24'),
(231, 'KADL230230K00QJ2110195', '2024-10-24'),
(232, 'KAAL230090K01QJ1811294', '2024-10-25'),
(233, 'KAAL230090K01QJ1811298', '2024-10-25'),
(234, 'KAAL230090K01QJ1811287', '2024-10-25'),
(235, 'KACL231050K02QJ2310590', '2024-10-25'),
(236, 'KACL231050K02QJ2310589', '2024-10-25'),
(237, 'KACL231050K02QJ2310588', '2024-10-25'),
(238, 'KACL230090K00QJ2410604', '2024-10-25'),
(239, 'KACL230090K00QJ2410605', '2024-10-25'),
(240, 'KACL230090K00QJ2410603', '2024-10-25'),
(241, 'KABL230011K01QJ1810249', '2024-10-25'),
(242, 'KABL230011K01QJ1810245', '2024-10-25'),
(243, 'KABL230011K01QJ1810244', '2024-10-25'),
(244, 'KABL230010K02QJ2210412', '2024-10-25'),
(245, 'KABL230010K02QJ2210413', '2024-10-25'),
(246, 'KABL230010K02QJ2210415', '2024-10-25'),
(247, 'KADL230220K00QJ2110352', '2024-10-25'),
(248, 'KADL230220K00QJ2110351', '2024-10-25'),
(249, 'KADL230220K00QJ2110350', '2024-10-25'),
(250, 'KADL230230K00QJ2110074', '2024-10-25'),
(251, 'KADL230230K00QJ2110076', '2024-10-25'),
(252, 'KADL230230K00QJ2110075', '2024-10-25'),
(253, 'KACL230090K00QJ2410206', '2024-10-26'),
(254, 'KACL230090K00QJ2410207', '2024-10-26'),
(255, 'KACL230090K00QJ2410208', '2024-10-26'),
(256, 'KADL230230K00QJ2110026', '2024-10-26'),
(257, 'KADL230230K00QJ2110022', '2024-10-26'),
(258, 'KADL230230K00QJ2110024', '2024-10-26'),
(259, 'KADL230220K00QJ2110356', '2024-10-26'),
(260, 'KADL230220K00QJ2110354', '2024-10-26'),
(261, 'KADL230220K00QJ2110353', '2024-10-26'),
(262, 'KAEL230041K01QE0210060', '2024-10-26'),
(263, 'KAEL230041K01QE0210059', '2024-10-26'),
(264, 'KAEL230041K01QE0210058', '2024-10-26'),
(265, 'KABL230011K01QJ1810138', '2024-10-26'),
(266, 'KABL230011K01QJ1810134', '2024-10-26'),
(267, 'KABL230011K01QJ1810137', '2024-10-26'),
(268, 'KABL230010K02QJ2210374', '2024-10-26'),
(269, 'KABL230010K02QJ2210375', '2024-10-26'),
(270, 'KABL230010K02QJ2210372', '2024-10-26'),
(271, 'KACL230090K00QJ2810528', '2024-10-28'),
(272, 'KACL230090K00QJ2810529', '2024-10-28'),
(273, 'KACL230090K00QJ2810530', '2024-10-28'),
(274, 'KADL230230K00QJ2810270', '2024-10-28'),
(275, 'KADL230230K00QJ2810269', '2024-10-28'),
(276, 'KADL230230K00QJ2810268', '2024-10-28'),
(277, 'KADL230220K00QJ2510882', '2024-10-28'),
(278, 'KADL230220K00QJ2510880', '2024-10-28'),
(279, 'KADL230220K00QJ2510883', '2024-10-28'),
(280, 'KAEL230041K01QE2110280', '2024-10-28'),
(281, 'KAEL230041K01QE2110279', '2024-10-28'),
(282, 'KAEL230041K01QE2110272', '2024-10-28'),
(283, 'KAAL230090K01QJ1811319', '2024-10-28'),
(284, 'KAAL230090K01QJ1811316', '2024-10-28'),
(285, 'KAAL230090K01QJ1811317', '2024-10-28'),
(286, 'KABL230010K02QJ2210308', '2024-10-28'),
(287, 'KABL230010K02QJ2210310', '2024-10-28'),
(288, 'KABL230010K02QJ2210309', '2024-10-28'),
(289, 'KABL230011K01QJ2510220', '2024-10-28'),
(290, 'KABL230011K01QJ2510222', '2024-10-28'),
(291, 'KABL230011K01QJ2510221', '2024-10-28'),
(292, 'KADL230220K00QJ2811031', '2024-10-29'),
(293, 'KADL230220K00QJ2811030', '2024-10-29'),
(294, 'KADL230220K00QJ2811029', '2024-10-29'),
(295, 'KADL230230K00QJ2810071', '2024-10-29'),
(296, 'KADL230230K00QJ2810072', '2024-10-29'),
(297, 'KADL230230K00QJ2810073', '2024-10-29'),
(298, 'KAEL230041K01QE2810255', '2024-10-29'),
(299, 'KAEL230041K01QE2810256', '2024-10-29'),
(300, 'KAEL230041K01QE2810257', '2024-10-29'),
(301, 'KABL230011K01QJ2510144', '2024-10-29'),
(302, 'KABL230011K01QJ2510152', '2024-10-29'),
(303, 'KABL230011K01QJ2510150', '2024-10-29'),
(304, 'KAAL230090K01QJ1811592', '2024-10-29'),
(305, 'KAAL230090K01QJ1811586', '2024-10-29'),
(306, 'KAAL230090K01QJ1811585', '2024-10-29'),
(307, 'KABL230010K02QJ2210290', '2024-10-29'),
(308, 'KABL230010K02QJ2210289', '2024-10-29'),
(309, 'KABL230010K02QJ2210213', '2024-10-29'),
(310, 'KADL230220K00QJ2810955', '2024-10-30'),
(311, 'KADL230220K00QJ2810956', '2024-10-30'),
(312, 'KADL230220K00QJ2810954', '2024-10-30'),
(313, 'KADL230230K00QJ2810032', '2024-10-30'),
(314, 'KADL230230K00QJ2810033', '2024-10-30'),
(315, 'KADL230230K00QJ2810034', '2024-10-30'),
(316, 'KABL230011K01QJ2510676', '2024-10-30'),
(317, 'KABL230011K01QJ2510677', '2024-10-30'),
(318, 'KABL230011K01QJ2510678', '2024-10-30'),
(319, 'KAAL230090K01QJ1811678', '2024-10-30'),
(320, 'KAAL230090K01QJ1811677', '2024-10-30'),
(321, 'KAAL230090K01QJ1811676', '2024-10-30'),
(322, 'KADL230220K00QJ2910202', '2024-11-01'),
(323, 'KADL230220K00QJ2910203', '2024-11-01'),
(324, 'KADL230220K00QJ2910201', '2024-11-01'),
(325, 'KADL230230K00QJ3110050', '2024-11-01'),
(326, 'KADL230230K00QJ3110052', '2024-11-01'),
(327, 'KADL230230K00QJ3110051', '2024-11-01'),
(328, 'KACL230090K00QJ2810571', '2024-11-01'),
(329, 'KACL230090K00QJ2810572', '2024-11-01'),
(330, 'KACL230090K00QJ2810573', '2024-11-01'),
(331, 'KABL230011K01QJ2510380', '2024-11-01'),
(332, 'KABL230011K01QJ2510382', '2024-11-01'),
(333, 'KABL230011K01QJ2510386', '2024-11-01'),
(334, 'KADL230220K00QK0411402', '2024-11-04'),
(335, 'KADL230220K00QK0411403', '2024-11-04'),
(336, 'KADL230230K00QK0410490', '2024-11-04'),
(337, 'KADL230220K00QK0411404', '2024-11-04'),
(338, 'KADL230230K00QK0410491', '2024-11-04'),
(339, 'KADL230230K00QK0410492', '2024-11-04'),
(340, 'KABL230011K01QK0410728', '2024-11-04'),
(341, 'KABL230011K01QJ2510395', '2024-11-04'),
(342, 'KABL230011K01QK0410670', '2024-11-04'),
(343, 'KACL231040K02QJ2211704', '2024-11-07'),
(344, 'KACL231040K02QJ2211695', '2024-11-07'),
(345, 'KACL231040K02QJ2211696', '2024-11-07'),
(346, 'KADL230230K00QK0411884', '2024-11-07'),
(347, 'KADL230230K00QK0411882', '2024-11-07'),
(348, 'KADL230230K00QK0411883', '2024-11-07'),
(349, 'KADL230220K00QK0610450', '2024-11-07'),
(350, 'KADL230220K00QK0610449', '2024-11-07'),
(351, 'KADL230220K00QK0610448', '2024-11-07'),
(352, 'KAAL230090K01QJ1811632', '2024-11-07'),
(353, 'KAAL230090K01QJ1811633', '2024-11-07'),
(354, 'KAAL230090K01QJ1811627', '2024-11-07'),
(355, 'KABL230011K01QK0410639', '2024-11-07'),
(356, 'KABL230011K01QK0410635', '2024-11-07'),
(357, 'KABL230011K01QK0410633', '2024-11-07'),
(358, 'KACL231040K02QJ2211779', '2024-11-08'),
(359, 'KACL231040K02QJ2211780', '2024-11-08'),
(360, 'KACL231040K02QJ2211781', '2024-11-08'),
(361, 'KADL230230K00QK0710091', '2024-11-08'),
(362, 'KADL230230K00QK0710101', '2024-11-08'),
(363, 'KADL230220K00QK0110990', '2024-11-08'),
(364, 'KADL230220K00QK0110991', '2024-11-08'),
(365, 'KADL230220K00QK0110992', '2024-11-08'),
(366, 'KADL230230K00QK0710102', '2024-11-08'),
(367, 'KAAL230090K01QK0710279', '2024-11-08'),
(368, 'KAAL230090K01QK0710281', '2024-11-08'),
(369, 'KAAL230090K01QK0710278', '2024-11-08'),
(370, 'KABL230011K01QK0411927', '2024-11-08'),
(371, 'KABL230011K01QK0411922', '2024-11-08'),
(372, 'KABL230011K01QK0411923', '2024-11-08'),
(373, 'KACL230090K00QJ2810822', '2024-11-11'),
(374, 'KACL230090K00QJ2810823', '2024-11-11'),
(375, 'KACL230090K00QJ2810824', '2024-11-11'),
(376, 'KACL231040K02QK0110774', '2024-11-11'),
(377, 'KACL231040K02QK0110773', '2024-11-11'),
(378, 'KACL231040K02QK0110772', '2024-11-11'),
(379, 'KADL230220K00QK1110198', '2024-11-11'),
(380, 'KADL230220K00QK1110200', '2024-11-11'),
(381, 'KADL230220K00QK1110199', '2024-11-11'),
(382, 'KADL230230K00QK0810048', '2024-11-11'),
(383, 'KADL230230K00QK0810049', '2024-11-11'),
(384, 'KADL230230K00QK0810050', '2024-11-11'),
(385, 'KAAL230090K01QK0710164', '2024-11-11'),
(386, 'KAAL230090K01QK0710168', '2024-11-11'),
(387, 'KAAL230090K01QK0710158', '2024-11-11'),
(388, 'KABL230011K01QK0412050', '2024-11-11'),
(389, 'KABL230011K01QK0411912', '2024-11-11'),
(390, 'KABL230011K01QK0411913', '2024-11-11'),
(391, 'KACL230090K00QJ3010923', '2024-11-12'),
(392, 'KACL230090K00QJ3010920', '2024-11-12'),
(393, 'KACL230090K00QJ3010921', '2024-11-12'),
(394, 'KADL230230K00QK1110047', '2024-11-12'),
(395, 'KADL230220K00QK1110786', '2024-11-12'),
(396, 'KADL230220K00QK1110787', '2024-11-12'),
(397, 'KAAL230090K01QK1210355', '2024-11-13'),
(398, 'KAAL230090K01QK1210351', '2024-11-13'),
(399, 'KAAL230090K01QK1210363', '2024-11-13'),
(400, 'KACL230090K00QK0411515', '2024-11-18'),
(401, 'KACL230090K00QK0411514', '2024-11-18'),
(402, 'KACL230090K00QK0411513', '2024-11-18'),
(403, 'KADL230230K00QK1810313', '2024-11-18'),
(404, 'KADL230230K00QK1810314', '2024-11-18'),
(405, 'KADL230230K00QK1810315', '2024-11-18'),
(406, 'KAAL230090K01QK1810100', '2024-11-18'),
(407, 'KAAL230090K01QK1810099', '2024-11-18'),
(408, 'KAAL230090K01QK1810109', '2024-11-18'),
(409, 'KABL230010K02QK1810218', '2024-11-18'),
(410, 'KABL230011K01QK1410003', '2024-11-18'),
(411, 'KABL230011K01QK1410009', '2024-11-18'),
(412, 'KABL230010K02QK1810222', '2024-11-18'),
(413, 'KABL230010K02QK1810220', '2024-11-18'),
(414, 'KABL230011K01QK1410008', '2024-11-18'),
(415, 'KABL230011K01QK1410009', '2024-11-18'),
(416, 'KAAL230090K01QK1810004', '2024-11-19'),
(417, 'KAAL230090K01QK1810008', '2024-11-19'),
(418, 'KAAL230090K01QK1810011', '2024-11-19'),
(419, 'KABL230010K02QK1810284', '2024-11-19'),
(420, 'KABL230010K02QK1810286', '2024-11-19'),
(421, 'KABL230010K02QK1810283', '2024-11-19'),
(422, 'KABL230011K01QK0412048', '2024-11-19'),
(423, 'KABL230011K01QK0412034', '2024-11-19'),
(424, 'KABL230011K01QK0412036', '2024-11-19'),
(425, 'KADL230220K00QK1910500', '2024-11-20'),
(426, 'KADL230220K00QK1910498', '2024-11-20'),
(427, 'KADL230220K00QK1910499', '2024-11-20'),
(428, 'KABL230011K01QK1810572', '2024-11-20'),
(429, 'KABL230011K01QK1810571', '2024-11-20'),
(430, 'KABL230011K01QK1810568', '2024-11-20'),
(431, 'KAAL230090K01QK2010110', '2024-11-20'),
(432, 'KAAL230090K01QK2010109', '2024-11-20'),
(433, 'KAAL230090K01QK2010111', '2024-11-20'),
(434, 'KABL230010K02QK1810296', '2024-11-20'),
(435, 'KABL230010K02QK1810295', '2024-11-20'),
(436, 'KABL230010K02QK1810297', '2024-11-20'),
(437, 'KADL230230K00QK1910023', '2024-11-20'),
(438, 'KADL230230K00QK1910025', '2024-11-20'),
(439, 'KADL230230K00QK1910024', '2024-11-20'),
(440, 'KAAL230090K01QK2011469', '2024-11-21'),
(441, 'KAAL230090K01QK2011466', '2024-11-21'),
(442, 'KAAL230090K01QK2011467', '2024-11-21'),
(443, 'KABL230010K02QK2011319', '2024-11-21'),
(444, 'KABL230020C00OL1710310', '2024-11-21'),
(445, 'KABL230010K02QK2011318', '2024-11-21'),
(446, 'KABL230011K01QK2011197', '2024-11-21'),
(447, 'KABL230011K01QK2011189', '2024-11-21'),
(448, 'KABL230011K01QK2011195', '2024-11-21'),
(449, 'KACL231050K02QJ3110664', '2024-11-22'),
(450, 'KACL231050K02QJ3110663', '2024-11-22'),
(451, 'KACL231050K02QJ3110662', '2024-11-22'),
(452, 'KACL231040K02QK1910994', '2024-11-22'),
(453, 'KACL231040K02QK1910993', '2024-11-22'),
(454, 'KACL231040K02QK1910992', '2024-11-22'),
(455, 'KABL230011K01QK2111055', '2024-11-22'),
(456, 'KABL230011K01QK2111090', '2024-11-22'),
(457, 'KABL230011K01QK2111047', '2024-11-22'),
(458, 'KAAL230090K01QK2011369', '2024-11-22'),
(459, 'KAAL230090K01QK2011368', '2024-11-22'),
(460, 'KAAL230090K01QK2011367', '2024-11-02'),
(461, 'KABL230010K02QK2011201', '2024-11-22'),
(462, 'KABL230010K02QK2011200', '2024-11-22'),
(463, 'KABL230010K02QK2011202', '2024-11-22'),
(464, 'KADL230220K00QK1910697', '2024-11-26'),
(465, 'KADL230220K00QK1910700', '2024-11-26'),
(466, 'KADL230220K00QK1910698', '2024-11-26'),
(467, 'KADL230230K00QK1911305', '2024-11-26'),
(468, 'KADL230230K00QK1911303', '2024-11-26'),
(469, 'KADL230230K00QK1911304', '2024-11-26'),
(470, 'KAAL230090K01QK2510039', '2024-11-26'),
(471, 'KAAL230090K01QK2510042', '2024-11-26'),
(472, 'KAAL230090K01QK2510038', '2024-11-26'),
(473, 'KABL230011K01QK2210665', '2024-11-26'),
(474, 'KABL230011K01QK2210664', '2024-11-26'),
(475, 'KABL230011K01QK2210656', '2024-11-26'),
(476, 'KABL230010K02QK2210861', '2024-11-26'),
(477, 'KABL230010K02QK2210859', '2024-11-26'),
(478, 'KABL230010K02QK2210862', '2024-11-26'),
(479, 'KACL230090K00QK0610041', '2024-11-27'),
(480, 'KACL230090K00QK0610040', '2024-11-27'),
(481, 'KACL230090K00QK0610039', '2024-11-27'),
(482, 'KACL231040K02QK1910892', '2024-11-27'),
(483, 'KACL231040K02QK1910893', '2024-11-27'),
(484, 'KACL231040K02QK1910894', '2024-11-27'),
(485, 'KAAL230090K01QK2510088', '2024-11-27'),
(486, 'KAAL230090K01QK2510087', '2024-11-27'),
(487, 'KAAL230090K01QK2510084', '2024-11-27'),
(488, 'KABL230010K02QK2210929', '2024-11-27'),
(489, 'KABL230020C00OL0911085', '2024-11-27'),
(490, 'KABL230010K02QK2210930', '2024-11-27'),
(491, 'KABL230011K01QK2210783', '2024-11-27'),
(492, 'KABL230011K01QK2210785', '2024-11-27'),
(493, 'KABL230011K01QK2210782', '2024-11-27'),
(494, 'KADL230220K00QK2011660', '2024-11-28'),
(495, 'KADL230220K00QK2011662', '2024-11-28'),
(496, 'KADL230230K00QK2610050', '2024-11-28'),
(497, 'KADL230230K00QK2610050', '2024-11-28'),
(498, 'KADL230230K00QK2610048', '2024-11-28'),
(499, 'KADL230230K00QK2610049', '2024-11-28'),
(500, 'KABL230011K01QK2610625', '2024-11-28'),
(501, 'KABL230011K01QK2610624', '2024-11-28'),
(502, 'KABL230011K01QK2610626', '2024-11-28'),
(503, 'KABL230010K02QK2610429', '2024-11-28'),
(504, 'KABL230010K02QK2610428', '2024-11-28'),
(505, 'KABL230010K02QK2610430', '2024-11-28'),
(506, 'KAAL230090K01QK2610432', '2024-11-28'),
(507, 'KAAL230090K01QK2610433', '2024-11-28'),
(508, 'KAAL230090K01QK2610431', '2024-11-28'),
(509, 'KACL231050K02QJ3110160', '2024-11-29'),
(510, 'KACL231050K02QJ3110159', '2024-11-29'),
(511, 'KACL231050K02QJ3110158', '2024-11-29'),
(512, 'KAEL230041K01QE3010183', '2024-11-29'),
(513, 'KAEL230041K01QE3010182', '2024-11-29'),
(514, 'KAEL230041K01QE3010181', '2024-11-29'),
(515, 'KABL230010K02QK2610348', '2024-11-29'),
(516, 'KABL230010K02QK2610351', '2024-11-29'),
(517, 'KABL230020C00OL1710203', '2024-11-29'),
(518, 'KABL230010K02QK2610352', '2024-11-29'),
(519, 'KABL230011K01QK2610898', '2024-11-29'),
(520, 'KABL230011K01QK2610894', '2024-11-29'),
(521, 'KABL230011K01QK2610895', '2024-11-29'),
(522, 'KAAL230090K01QK2611506', '2024-11-29'),
(523, 'KAAL230090K01QK2611516', '2024-11-29'),
(524, 'KAAL230090K01QK2611505', '2024-11-29'),
(525, 'KAEL230041K01QK1110542', '2024-12-02'),
(526, 'KAEL230041K01QK1110543', '2024-12-02'),
(527, 'KAEL230041K01QK1110544', '2024-12-02'),
(528, 'KADL230230K00QK2610072', '2024-12-02'),
(529, 'KADL230230K00QK2610075', '2024-12-02'),
(530, 'KADL230230K00QK2610073', '2024-12-02'),
(531, 'KADL230220K00QK2012112', '2024-12-02'),
(532, 'KADL230220K00QK2012108', '2024-12-02'),
(533, 'KADL230220K00QK2012111', '2024-12-02'),
(534, 'KACL231050K02QK0411214', '2024-12-02'),
(535, 'KACL231050K02QK0411213', '2024-12-02'),
(536, 'KACL231050K02QK0411212', '2024-12-02'),
(537, 'KAAL230090K01QK2910111', '2024-12-02'),
(538, 'KAAL230090K01QK2910108', '2024-12-02'),
(539, 'KAAL230090K01QK2910107', '2024-12-02'),
(540, 'KABL230010K02QK2811227', '2024-12-02'),
(541, 'KABL230010K02QK2811229', '2024-12-02'),
(542, 'KABL230010K02QK2811231', '2024-12-02'),
(543, 'KABL230011K01QK2811093', '2024-12-02'),
(544, 'KABL230011K01QK2811091', '2024-12-02'),
(545, 'KABL230011K01QK2811098', '2024-12-02'),
(546, 'KACL230090K00QK2611281', '2024-12-06'),
(547, 'KACL230090K00QK2611282', '2024-12-06'),
(548, 'KACL230090K00QK2611283', '2024-12-06'),
(549, 'KACL231050K02QL0412457', '2024-12-06'),
(550, 'KACL231050K02QL0412458', '2024-12-06'),
(551, 'KACL231050K02QL0412459', '2024-12-06'),
(552, 'KADL230220K00QK2012087', '2024-12-06'),
(553, 'KADL230220K00QK2012085', '2024-12-06'),
(554, 'KADL230220K00QK2012086', '2024-12-06'),
(555, 'KADL230230K00QL0311248', '2024-12-06'),
(556, 'KADL230230K00QL0311244', '2024-12-06'),
(557, 'KAAL230090K01QL0312340', '2024-12-06'),
(558, 'KAAL230090K01QL0312339', '2024-12-06'),
(559, 'KAAL230090K01QL0312341', '2024-12-06'),
(560, 'KABL230011K01QL0410594', '2024-12-06'),
(561, 'KABL230011K01QL0410595', '2024-12-06'),
(562, 'KABL230011K01QL0410592', '2024-12-06'),
(563, 'KABL230010K02QL0410515', '2024-12-06'),
(564, 'KABL230010K02QL0410516', '2024-12-06'),
(565, 'KABL230010K02QL0410517', '2024-12-06'),
(566, 'KADL230230K00QL0311249', '2024-12-09'),
(567, 'KADL230230K00QL0311250', '2024-12-09'),
(568, 'KADL230230K00QL0311049', '2024-12-09'),
(569, 'KADL230220K00QL0310569', '2024-12-09'),
(570, 'KADL230220K00QL0310571', '2024-12-09'),
(571, 'KADL230220K00QL0310570', '2024-12-09'),
(572, 'KABL230011K01QL0610865', '2024-12-09'),
(573, 'KABL230011K01QL0610862', '2024-12-09'),
(574, 'KABL230011K01QL0610863', '2024-12-09'),
(575, 'KABL230010K02QL0610832', '2024-12-09'),
(576, 'KABL230010K02QL0610834', '2024-12-09'),
(577, 'KABL230010K02QL0610833', '2024-12-09'),
(578, 'KAAL230090K01QL0610466', '2024-12-09'),
(579, 'KAAL230090K01QL0610472', '2024-12-09'),
(580, 'KAAL230090K01QL0610475', '2024-12-09'),
(581, 'KACL230090K00QL0611144', '2024-12-11'),
(582, 'KACL230090K00QL0611145', '2024-12-11'),
(583, 'KACL230090K00QL0611146', '2024-12-11'),
(584, 'KACL231040K02QK2110793', '2024-12-11'),
(585, 'KACL231040K02QK2110794', '2024-12-11'),
(586, 'KACL231040K02QK2110795', '2024-12-11'),
(587, 'KACL231050K02QL0910313', '2024-12-11'),
(588, 'KACL231050K02QL0910314', '2024-12-11'),
(589, 'KACL231050K02QL0910315', '2024-12-11'),
(590, 'KAEL230041K01QK2510846', '2024-12-11'),
(591, 'KAEL230041K01QK2510845', '2024-12-11'),
(592, 'KAEL230041K01QK2510844', '2024-12-11'),
(593, 'KAAL230090K01QL0910981', '2024-12-11'),
(594, 'KAAL230090K01QL0910986', '2024-12-11'),
(595, 'KAAL230090K01QL0910988', '2024-12-11'),
(596, 'KABL230010K02QL0911260', '2024-12-11'),
(597, 'KABL230010K02QL0911262', '2024-12-11'),
(598, 'KABL230010K02QL0911261', '2024-12-11'),
(599, 'KABL230011K01QL1010694', '2024-12-11'),
(600, 'KABL230011K01QL1010695', '2024-12-11'),
(601, 'KABL230011K01QL1010696', '2024-12-11'),
(602, '2024-12-10 오전 12:00:00', '2024-12-10'),
(603, '2024-12-10 오전 12:00:00', '2024-12-10'),
(604, '2024-12-10 오전 12:00:00', '2024-12-10'),
(605, '2024-12-10 오전 12:00:00', '2024-12-10'),
(606, '2024-12-10 오전 12:00:00', '2024-12-10'),
(607, '2024-12-10 오전 12:00:00', '2024-12-10'),
(608, '2024-12-10 오전 12:00:00', '2024-12-10'),
(609, '2024-12-10 오전 12:00:00', '2024-12-10'),
(610, '2024-12-10 오전 12:00:00', '2024-12-10'),
(611, '2024-12-10 오전 12:00:00', '2024-12-10'),
(612, '2024-12-10 오전 12:00:00', '2024-12-10'),
(613, '2024-12-10 오전 12:00:00', '2024-12-10'),
(614, '2024-12-10 오전 12:00:00', '2024-12-10'),
(615, '2024-12-10 오전 12:00:00', '2024-12-10'),
(616, '2024-12-10 오전 12:00:00', '2024-12-10'),
(617, '2024-12-10 오전 12:00:00', '2024-12-10'),
(618, '2024-12-10 오전 12:00:00', '2024-12-10'),
(619, '2024-12-10 오전 12:00:00', '2024-12-10'),
(620, '2024-12-10 오전 12:00:00', '2024-12-10'),
(621, '2024-12-10 오전 12:00:00', '2024-12-10'),
(622, '2024-12-10 오전 12:00:00', '2024-12-10'),
(623, 'KADL230220K00QL0911100', '2024-12-16'),
(624, 'KADL230220K00QL0911099', '2024-12-16'),
(625, 'KADL230220K00QL0911097', '2024-12-16'),
(626, 'KADL230230K00QL0911767', '2024-12-16'),
(627, 'KADL230230K00QL0911764', '2024-12-16'),
(628, 'KADL230230K00QL0911766', '2024-12-16'),
(629, 'KAEL230041K01QL1411360', '2024-12-16'),
(630, 'KAEL230041K01QL1411359', '2024-12-16'),
(631, 'KAEL230041K01QL1411358', '2024-12-16'),
(632, 'KAAL230020K00QL1411298', '2024-12-16'),
(633, 'KAAL230020K00QL1411297', '2024-12-16'),
(634, 'KAAL230020K00QL1411299', '2024-12-16'),
(635, 'KAAL230090K01QL1310052', '2024-12-16'),
(636, 'KAAL230090K01QL1310051', '2024-12-16'),
(637, 'KAAL230090K01QL1310050', '2024-12-16'),
(638, 'KABL230011K01QL1210602', '2024-12-16'),
(639, 'KABL230011K01QL1210599', '2024-12-16'),
(640, 'KABL230011K01QL1210598', '2024-12-16'),
(641, 'KABL230010K02QL1210216', '2024-12-16'),
(642, 'KABL230010K02QL1210217', '2024-12-16'),
(643, 'KABL230010K02QL1210215', '2024-12-16'),
(644, 'KAEL230041K01QL1411550', '2024-12-18'),
(645, 'KAEL230041K01QL1411549', '2024-12-18'),
(646, 'KAEL230041K01QL1411548', '2024-12-18'),
(647, 'KACL231040K02QL0311577', '2024-12-18'),
(648, 'KACL231040K02QL0311568', '2024-12-18'),
(649, 'KACL231040K02QL0311569', '2024-12-18'),
(650, 'KACL230090K00QL1810758', '2024-12-18'),
(651, 'KACL230090K00QL1810756', '2024-12-18'),
(652, 'KACL230090K00QL1810757', '2024-12-18'),
(653, 'KAAL230090K01QL1410182', '2024-12-18'),
(654, 'KAAL230090K01QL1410188', '2024-12-18'),
(655, 'KAAL230090K01QL1410184', '2024-12-18'),
(656, 'KABL230010K02QL1410331', '2024-12-18'),
(657, 'KABL230010K02QL1410333', '2024-12-18'),
(658, 'KABL230010K02QL1410332', '2024-12-18'),
(659, 'KABL230010K02QL1710292', '2024-12-19'),
(660, 'KABL230020C00OK3011023', '2024-12-19'),
(661, 'KABL230010K02QL1710293', '2024-12-19'),
(662, 'KAAL230090K01QL1810042', '2024-12-19'),
(663, 'KAAL230090K01QL1810038', '2024-12-19'),
(664, 'KAAL230090K01QL1810043', '2024-12-19'),
(665, 'KADL230230K00QL1410725', '2024-12-20'),
(666, 'KADL230230K00QL1410727', '2024-12-20'),
(667, 'KADL230230K00QL1410729', '2024-12-20'),
(668, 'KADL230220K00QL1410550', '2024-12-20'),
(669, 'KADL230220K00QL1410553', '2024-12-20'),
(670, 'KADL230220K00QL1410552', '2024-12-20'),
(671, 'KAEL230041K01QL1910807', '2024-12-20'),
(672, 'KAEL230041K01QL1910806', '2024-12-20'),
(673, 'KAEL230041K01QL1910805', '2024-12-20'),
(674, 'KACL230090K00QL2011130', '2024-12-20'),
(675, 'KACL230090K00QL2011128', '2024-12-20'),
(676, 'KACL230090K00QL2011129', '2024-12-20'),
(677, 'KAAL230090K01QL1811097', '2024-12-20'),
(678, 'KAAL230090K01QL1811096', '2024-12-20'),
(679, 'KAAL230090K01QL1811093', '2024-12-20'),
(680, 'KABL230010K02QL1810326', '2024-12-20'),
(681, 'KABL230010K02QL1810327', '2024-12-20'),
(682, 'KABL230020C00OL2610847', '2024-12-20'),
(683, 'KADL230220K00QL1410453', '2024-12-23'),
(684, 'KADL230220K00QL1410451', '2024-12-23'),
(685, 'KADL230220K00QL1410452', '2024-12-23'),
(686, 'KADL230230K00QL1610517', '2024-12-23'),
(687, 'KADL230230K00QL1610515', '2024-12-23'),
(688, 'KADL230230K00QL1610514', '2024-12-23'),
(689, 'KACL230090K00QL2310449', '2024-12-23'),
(690, 'KACL230090K00QL2310450', '2024-12-23'),
(691, 'KACL230090K00QL2310451', '2024-12-23'),
(692, 'KAAL230090K01QL1811190', '2024-12-23'),
(693, 'KAAL230090K01QL1811191', '2024-12-23'),
(694, 'KAAL230090K01QL1811198', '2024-12-23'),
(695, 'KABL230010K02QL1811406', '2024-12-23'),
(696, 'KABL230010K02QL1811409', '2024-12-23'),
(697, 'KABL230010K02QL1811408', '2024-12-23'),
(698, 'KADL230220K00QL2310782', '2024-12-27'),
(699, 'KADL230220K00QL2310781', '2024-12-27'),
(700, 'KADL230220K00QL2310783', '2024-12-27'),
(701, 'KACL230090K00QL2611557', '2024-12-27'),
(702, 'KACL230090K00QL2611558', '2024-12-27'),
(703, 'KACL230090K00QL2611549', '2024-12-27'),
(704, 'KABL230011K01QL2611659', '2024-12-27'),
(705, 'KABL230011K01QL2611661', '2024-12-27'),
(706, 'KABL230011K01QL2611629', '2024-12-27'),
(707, 'KABL230010K02QL2610117', '2024-12-27'),
(708, 'KABL230010K02QL2610116', '2024-12-27'),
(709, 'KABL230010K02QL2610115', '2024-12-27'),
(710, 'KAAL230020K00QL1911252', '2024-12-27'),
(711, 'KAAL230020K00QL1911341', '2024-12-27'),
(712, 'KAAL230020K00QL1911342', '2024-12-27'),
(713, 'KAAL230090K01QL2310242', '2024-12-27'),
(714, 'KAAL230090K01QL2310237', '2024-12-27'),
(715, 'KAAL230090K01QL2310238', '2024-12-27'),
(716, 'KABL230011K01QL3011708', '2025-01-02'),
(717, 'KABL230011K01QL3011707', '2025-01-02'),
(718, 'KABL230011K01QL3011706', '2025-01-02'),
(719, 'KABL230011K01RA0211405', '2025-01-03'),
(720, 'KABL230011K01RA0211400', '2025-01-03'),
(721, 'KABL230011K01RA0211399', '2025-01-03'),
(722, 'KABL230010K02RA0210124', '2025-01-03'),
(723, 'KABL230010K02RA0210122', '2025-01-03'),
(724, 'KABL230010K02RA0210123', '2025-01-03'),
(725, 'KACL231040K02QL2410610', '2025-01-03'),
(726, 'KACL231040K02QL2410611', '2025-01-03'),
(727, 'KACL231040K02QL2410612', '2025-01-03'),
(728, 'KACL230090K00RA0210652', '2025-01-03'),
(729, 'KACL230090K00RA0210653', '2025-01-03'),
(730, 'KACL230090K00RA0210651', '2025-01-03'),
(731, 'KABL230011K01RA0610168', '2025-01-06'),
(732, 'KABL230011K01RA0610170', '2025-01-06'),
(733, 'KABL230011K01RA0610172', '2025-01-06'),
(734, 'KABL230010K02RA0210068', '2025-01-06'),
(735, 'KABL230010K02RA0210067', '2025-01-06'),
(736, 'KABL230010K02RA0210066', '2025-01-06'),
(737, 'KACL230090K00RA0610804', '2025-01-07'),
(738, 'KACL230090K00RA0610805', '2025-01-07'),
(739, 'KACL230090K00RA0610806', '2025-01-07'),
(740, 'KABL230011K01RA0610550', '2025-01-07'),
(741, 'KABL230011K01RA0610551', '2025-01-07'),
(742, 'KABL230011K01RA0610555', '2025-01-07'),
(743, 'KABL230010K02RA0610868', '2025-01-07'),
(744, 'KABL230010K02RA0610864', '2025-01-07'),
(745, 'KABL230010K02RA0610861', '2025-01-07'),
(746, 'KAEL230041K01RA0711100', '2025-01-08'),
(747, 'KAEL230041K01RA0711101', '2025-01-08'),
(748, 'KAEL230041K01RA0711099', '2025-01-08'),
(749, 'KABL230011K01RA0611276', '2025-01-08'),
(750, 'KABL230011K01RA0611277', '2025-01-08'),
(751, 'KABL230011K01RA0611278', '2025-01-08'),
(752, 'KAAL230020K01RA0710459', '2025-01-08'),
(753, 'KAAL230020K01RA0710460', '2025-01-08'),
(754, 'KAAL230020K01RA0710463', '2025-01-08'),
(755, 'KAAL230090K01QL3010813', '2025-01-08'),
(756, 'KAAL230090K01QL3010817', '2025-01-08'),
(757, 'KAAL230090K01QL3010810', '2025-01-08'),
(758, 'KACL231040K02RA0810192', '2025-01-09'),
(759, 'KACL231040K02RA0810193', '2025-01-09'),
(760, 'KACL231040K02RA0810194', '2025-01-09'),
(761, 'KAAL230020K01RA0810222', '2025-01-09'),
(762, 'KAAL230020K01RA0810223', '2025-01-09'),
(763, 'KAAL230020K01RA0810227', '2025-01-09'),
(764, 'KABL230010K02RA0610893', '2025-01-09'),
(765, 'KABL230010K02RA0610888', '2025-01-09'),
(766, 'KABL230010K02RA0610889', '2025-01-09'),
(767, 'KABL230011K01RA0711585', '2025-01-09'),
(768, 'KABL230011K01RA0711586', '2025-01-09'),
(769, 'KABL230011K01RA0711591', '2025-01-09'),
(770, 'KACL230090K00RA0711437', '2025-01-10'),
(771, 'KACL230090K00RA0711436', '2025-01-10'),
(772, 'KACL230090K00RA0711435', '2025-01-10'),
(773, 'KADL230220K00QL3010229', '2025-01-10'),
(774, 'KADL230220K00QL3010232', '2025-01-10'),
(775, 'KADL230220K00QL3010231', '2025-01-10'),
(776, 'KADL230230K00QL2010789', '2025-01-10'),
(777, 'KADL230230K00QL2010787', '2025-01-10'),
(778, 'KADL230230K00QL2010788', '2025-01-10'),
(779, 'KABL230011K01RA0810668', '2025-01-10'),
(780, 'KABL230011K01RA0810663', '2025-01-10'),
(781, 'KABL230011K01RA0810662', '2025-01-10'),
(782, 'KABL230010K02RA0910049', '2025-01-10'),
(783, 'KABL230010K02RA0910048', '2025-01-10'),
(784, 'KABL230010K02RA0910047', '2025-01-10');

DROP TABLE IF EXISTS STOCK;
CREATE TABLE `STOCK` (
  `NO` int(11) NOT NULL AUTO_INCREMENT,
  `PRODUCT_NO` int(11) NOT NULL,
  `PRODUCT_CODE` varchar(30) DEFAULT NULL,
  `PRODUCT_FULLNAME` varchar(50) DEFAULT NULL,
  `PROCESSCODE` varchar(50) DEFAULT '0',
  `COUNT` int(11) DEFAULT NULL,
  `DATE` date DEFAULT current_timestamp(),
  `STOCK_INVENTORY` int(10) NOT NULL DEFAULT 0,
  `OUT_COUNT` int(10) NOT NULL DEFAULT 0,
  `STATE` int(1) NOT NULL DEFAULT 0,
  `LOT_NUMBER` varchar(20) DEFAULT NULL,
  `BOX_NUMBER` varchar(20) DEFAULT NULL,
  PRIMARY KEY (`NO`)
) ENGINE=InnoDB AUTO_INCREMENT=35 DEFAULT CHARSET=utf8;

INSERT INTO STOCK (NO, PRODUCT_NO, PRODUCT_CODE, PRODUCT_FULLNAME, PROCESSCODE, COUNT, DATE, STOCK_INVENTORY, OUT_COUNT, STATE, LOT_NUMBER, BOX_NUMBER) VALUES
(1, 6, '6', 'DAB FOLDING [LD]', 'KAAL230080K2024110941', 95, '2024-10-20', -105, 0, 0, NULL, NULL),
(2, 9, '9', 'PAB FOLDING [VF33/VN&EU]', 'KABL230080K-12024110940', 560, '2024-11-04', 0, 0, 0, NULL, NULL),
(3, 9, '9', 'PAB FOLDING [VF33/VN&EU]', 'KABL230080K-12024110940', 120, '2024-11-05', 0, 0, 0, NULL, NULL),
(4, 9, '9', 'PAB FOLDING [VF33/VN&EU]', 'KABL230080K-12024110940', 80, '2024-11-07', -40, 0, 0, NULL, NULL),
(5, 10, '10', 'SAB CUSHION [VF33/FRT/CTR]', 'KACL230090K2024110939', 900, '2024-11-04', 0, 0, 0, NULL, NULL),
(6, 10, '10', 'SAB CUSHION [VF33/FRT/CTR]', 'KACL230090K2024110939', 400, '2024-11-05', 0, 0, 0, NULL, NULL),
(7, 10, '10', 'SAB CUSHION [VF33/FRT/CTR]', 'KACL230090K2024110939', 200, '2024-11-06', 0, 0, 0, NULL, NULL),
(8, 15, '15', 'PROTECTOR [VF33/CeAB]', 'KACL360010K2024110938', 800, '2024-11-03', 0, 0, 0, NULL, NULL),
(9, 22, '22', 'CAB CUSHION [VF33/LH]', 'KADL230220K2024101721', 125, '2024-11-01', 0, 0, 0, NULL, NULL),
(10, 22, '22', 'CAB CUSHION [VF33/LH]', 'KADL230220K2024101721', 100, '2024-11-05', 0, 0, 0, NULL, NULL),
(12, 23, '23', 'CAB CUSHION [VF33/RH]', 'KADL230230K2024101722', 125, '2024-11-01', 0, 0, 0, NULL, NULL),
(13, 23, '23', 'CAB CUSHION [VF33/RH]', 'KADL230230K2024101722', 100, '2024-11-05', 0, 0, 0, NULL, NULL),
(14, 23, '23', 'CAB CUSHION [VF33/RH]', 'KADL230230K2024101722', 100, '2024-11-06', 0, 0, 0, NULL, NULL),
(15, 23, '23', 'CAB CUSHION [VF33/RH]', 'KADL230230K2024101722', 100, '2024-11-07', 0, 0, 0, NULL, NULL),
(16, 2, '2', 'DAB FOLDING [VF34/VN]', 'KAAL230007K-12024110937', 48, '2024-10-31', 0, 0, 0, NULL, NULL),
(17, 2, '2', 'DAB FOLDING [VF34/VN]', 'KAAL230007K-12024110937', 48, '2024-11-07', 0, 0, 0, NULL, NULL),
(18, 12, '12', 'SAB CUSHION [VF34/FRT/LH/75]', 'KACL231040K-22024102119', 1100, '2024-10-30', -100, 0, 0, NULL, NULL),
(19, 12, '12', 'SAB CUSHION [VF34/FRT/LH/75]', 'KACL231040K-22024102119', 300, '2024-11-07', -100, 0, 0, NULL, NULL),
(20, 14, '14', 'SAB CUSHION [VF34/FRT/RH/75]', 'KACL231050K-22024101918', 1100, '2024-11-03', 0, 0, 0, NULL, NULL),
(21, 14, '14', 'SAB CUSHION [VF34/FRT/RH/75]', 'KACL231050K-22024101918', 200, '2024-11-07', -100, 0, 0, NULL, NULL),
(22, 19, '19', 'KAB CUSHION [VF34]', 'KAEL230041K-12024102925', 480, '2024-11-02', 0, 0, 0, NULL, NULL),
(23, 2, '2', 'DAB FOLDING [VF34/VN]', 'KAAL230007K-12024110937', 296, '2024-11-02', -104, 0, 0, NULL, NULL),
(25, 9, '9', 'PAB FOLDING [VF33/VN&EU]', 'KABL230080K-12024122496', 1, '2025-01-01', 1, 0, 0, NULL, NULL),
(26, 12, 'KACL231040K-2', 'SAB CUSHION [VF34/FRT/LH/75]', 'KACL231040K-220250105110', 10, '2025-01-10', 10, 0, 0, '20250110', '1'),
(27, 12, 'KACL231040K-2', 'SAB CUSHION [VF34/FRT/LH/75]', 'KACL231040K-220250105110', 10, '2025-01-10', 10, 0, 0, '20250110', '2'),
(28, 12, 'KACL231040K-2', 'SAB CUSHION [VF34/FRT/LH/75]', 'KACL231040K-220250105110', 0, '2025-01-10', 0, 0, 0, '20250110', '3'),
(29, 12, 'KACL231040K-2', 'SAB CUSHION [VF34/FRT/LH/75]', 'KACL231040K-220250105110', 100, '2025-01-10', 100, 0, 0, '20250110', '4'),
(30, 12, 'KACL231040K-2', 'SAB CUSHION [VF34/FRT/LH/75]', 'KACL231040K-220250105110', 100, '2025-01-10', 100, 0, 0, '20250110', '5'),
(31, 12, 'KACL231040K-2', 'SAB CUSHION [VF34/FRT/LH/75]', 'KACL231040K-220250105110', 70, '2025-01-10', 70, 0, 0, '20250110', '6'),
(32, 12, 'KACL231040K-2', 'SAB CUSHION [VF34/FRT/LH/75]', 'KACL231040K-220250105110', 4, '2025-01-10', 4, 0, 0, '20250110', '7'),
(33, 12, 'KACL231040K-2', 'SAB CUSHION [VF34/FRT/LH/75]', 'KACL231040K-220250105110', 2, '2025-01-10', 2, 0, 0, '20250110', '8'),
(34, 12, 'KACL231040K-2', 'SAB CUSHION [VF34/FRT/LH/75]', 'KACL231040K-220250105110', 3, '2025-01-10', 3, 0, 0, '20250110', '9');

DROP TABLE IF EXISTS WONDAN;
CREATE TABLE `WONDAN` (
  `NO` int(11) NOT NULL AUTO_INCREMENT,
  `WONDAN_NAME` varchar(50) NOT NULL,
  `NAME` varchar(50) NOT NULL,
  `BUPUM_NO` varchar(50) NOT NULL,
  `SUPPLAY` varchar(50) DEFAULT NULL,
  `WONDAN_BARCODE` varchar(50) DEFAULT NULL,
  PRIMARY KEY (`NO`),
  UNIQUE KEY `WONDAN_CODE` (`WONDAN_NAME`)
) ENGINE=InnoDB AUTO_INCREMENT=12 DEFAULT CHARSET=utf8;

INSERT INTO WONDAN (NO, WONDAN_NAME, NAME, BUPUM_NO, SUPPLAY, WONDAN_BARCODE) VALUES
(1, '49', '420D', '4949UC', 'IHC', NULL),
(2, '4K', '420D', 'BAAA', '코오롱', NULL),
(3, '53', '420D', '5353UC', 'IHC', NULL),
(4, 'H2', '420D', 'H24000', 'IHC', NULL),
(5, 'NK', '420D', 'BAH14', '코오롱', NULL),
(6, 'TA', '940D', 'UC', '도요보', NULL),
(7, 'IN', '940D', 'SR', '도요보', NULL),
(8, 'CA', 'OPW', 'OPW', '코오롱', NULL),
(9, 'SR', '420D', '4646', 'IHC', NULL);

DROP TABLE IF EXISTS WONDAN_STORE;
CREATE TABLE `WONDAN_STORE` (
  `NO` int(11) NOT NULL AUTO_INCREMENT,
  `REG_DATE` date NOT NULL DEFAULT current_timestamp(),
  `WONDAN_CODE` varchar(50) DEFAULT NULL,
  `WONDAN_NAME` varchar(20) NOT NULL,
  `LOT_NO` varchar(50) NOT NULL,
  `LENGTH` int(20) NOT NULL,
  `REAL_LENGTH` int(20) NOT NULL,
  `SUPPLIER` varchar(50) DEFAULT NULL,
  `REG_ACCOUNT` varchar(50) DEFAULT NULL,
  `UPDATE_ACCOUNT` varchar(30) DEFAULT NULL,
  `DEFECTIVE_LENGTH` int(20) DEFAULT NULL,
  `STATE` int(20) NOT NULL DEFAULT 0,
  `STATE_DATE` date NOT NULL DEFAULT current_timestamp(),
  `ETC` varchar(50) DEFAULT NULL,
  PRIMARY KEY (`NO`),
  UNIQUE KEY `LOT_NO` (`LOT_NO`),
  KEY `fk_WONDAN_CODE` (`WONDAN_CODE`)
) ENGINE=InnoDB AUTO_INCREMENT=209 DEFAULT CHARSET=utf8;

INSERT INTO WONDAN_STORE (NO, REG_DATE, WONDAN_CODE, WONDAN_NAME, LOT_NO, LENGTH, REAL_LENGTH, SUPPLIER, REG_ACCOUNT, UPDATE_ACCOUNT, DEFECTIVE_LENGTH, STATE, STATE_DATE, ETC) VALUES
(18, '2024-10-18', NULL, 'SR', 'H244W0320', 306, 306, 'ihc', '10', '10', 0, 1, '2024-10-28', NULL),
(19, '2024-10-18', NULL, 'SR', 'H22970147', 300, 300, 'ihc', '10', '10', 0, 1, '2024-10-28', NULL),
(20, '2024-10-18', NULL, 'SR', 'H244j0108', 300, 300, 'ihc', '10', '10', 0, 1, '2024-10-28', NULL),
(21, '2024-10-18', NULL, 'SR', 'H24410119', 300, 300, 'ihc', '10', '50', 0, 1, '2024-10-28', NULL),
(22, '2024-10-18', NULL, 'SR', 'H244f1205', 300, 300, 'ihc', '10', '10', 0, 1, '2024-10-28', NULL),
(23, '2024-10-18', NULL, 'SR', 'H244w0309', 300, 300, 'ihc', '10', '10', 0, 1, '2024-10-28', NULL),
(24, '2024-11-25', NULL, 'SR', 'H244j0115', 300, 300, 'ihc', '10', '10', 0, 1, '2024-10-28', NULL),
(25, '2024-11-06', NULL, 'SR', 'H24280247', 300, 300, 'ihc', '10', '10', 0, 1, '2024-10-28', NULL),
(26, '2024-10-28', NULL, 'SR', 'H22970139', 300, 300, 'ihc', '10', '10', 0, 1, '2024-10-28', NULL),
(27, '2024-10-18', NULL, 'SR', 'H23890511', 300, 300, 'ihc', '10', '10', 0, 1, '2024-10-28', NULL),
(28, '2024-10-18', NULL, 'SR', 'H22970122', 300, 300, 'ihc', '10', '10', 0, 1, '2024-10-28', NULL),
(29, '2024-10-28', NULL, 'UC', 'KADL40101K', 875, 875, '코오롱재단품', '10', '10', 0, 1, '2024-10-29', NULL),
(30, '2024-10-17', NULL, 'UC', 'KADL401021K-1', 875, 875, '코오롱 재단품', '10', '10', 0, 1, '2024-10-29', NULL),
(31, '2024-10-18', NULL, '49', 'H248L2218', 302, 302, 'ihc', '10', '10', 0, 1, '2024-10-29', NULL),
(32, '2024-11-27', NULL, '49', 'H24190515', 299, 299, 'ihc', '10', '10', 0, 1, '2024-10-29', NULL),
(33, '2024-11-27', NULL, 'SR', 'H24X83206', 304, 304, '두올', '50', '10', 0, 1, '2024-11-01', NULL),
(34, '2024-11-06', NULL, 'SR', 'H24X83301', 306, 303, '두올', '50', '10', 0, 1, '2024-11-01', NULL),
(35, '2024-11-06', NULL, 'SR', 'H24X83207', 302, 302, '두올', '50', '10', 0, 1, '2024-11-01', NULL),
(36, '2024-10-30', NULL, 'SR', 'H249K0609', 304, 301, '두올', '50', '50', 0, 1, '2024-11-01', NULL),
(37, '2024-10-30', NULL, 'SR', 'H24X83204', 305, 302, '두올', '50', '50', 0, 1, '2024-11-01', NULL),
(44, '2024-11-05', NULL, '49', 'H248L2217', 302, 302, 'ihc', '10', '51', 0, 1, '2024-11-05', NULL),
(45, '2024-11-27', NULL, 'SR', 'H24X83307', 308, 305, '두올', '50', '50', 0, 1, '2024-11-05', NULL),
(46, '2024-11-05', NULL, 'SR', 'H249K0617', 308, 305, '두올', '50', '10', 0, 1, '2024-11-05', NULL),
(47, '2024-11-05', NULL, 'SR', 'H24X83212', 303, 300, '두올', '50', '10', 0, 1, '2024-11-05', NULL),
(48, '2024-11-05', NULL, 'SR', 'H24X83102', 310, 307, '두올', '50', '10', 0, 1, '2024-11-05', NULL),
(49, '2024-11-05', NULL, 'SR', 'H249K0616', 300, 297, '두올', '50', '10', 0, 1, '2024-11-05', NULL),
(52, '2024-11-01', NULL, 'CA', 'KADL401021K', 450, 450, '코오롱', '10', '10', 0, 1, '2024-11-06', NULL),
(53, '2024-11-01', NULL, 'CA', 'KADL401021K-01', 450, 450, '코오롱', '10', '10', 0, 1, '2024-11-06', NULL),
(54, '2024-11-09', NULL, '53', 'jaego01', 1, 1, '1', '2', '2', 0, 1, '2024-11-09', NULL),
(55, '2024-11-09', NULL, '53', 'jaego02', 1, 1, '1', '2', '2', 0, 1, '2024-11-09', NULL),
(56, '2024-11-09', NULL, '53', 'jaego03', 1, 1, '1', '2', '2', 0, 1, '2024-11-09', NULL),
(57, '2024-11-09', NULL, '53', 'jaego04', 1, 1, '1', '2', '2', 0, 1, '2024-11-09', NULL),
(58, '2024-11-09', NULL, '53', 'jaego05', 1, 1, '1', '2', '2', 0, 1, '2024-11-09', NULL),
(59, '2024-11-09', NULL, '53', 'jaego06', 1, 1, '1', '2', '2', 0, 1, '2024-11-09', NULL),
(60, '2024-11-08', NULL, 'CA', 'KADL40102K-02', 700, 700, '코오롱', NULL, NULL, 0, 0, '2024-11-12', NULL),
(61, '2024-11-08', NULL, 'CA', 'KADL401021K-02', 700, 700, '코오롱', '10', '10', 0, 1, '2024-11-12', NULL),
(62, '2024-11-08', NULL, 'CA', 'KADL401021K-03', 700, 700, '코오롱', '10', '10', 0, 1, '2024-11-12', NULL),
(63, '2024-11-11', NULL, 'CA', 'KADL401021K-04', 350, 350, '코오롱', '10', '10', 0, 1, '2024-11-12', NULL),
(64, '2024-11-11', NULL, 'CA', 'KADL401021K-05', 350, 350, '코오롱', '10', '10', 0, 1, '2024-11-12', NULL),
(65, '2024-11-08', NULL, 'NK', 'BAH140323A', 450, 450, '코오롱', '10', '10', 0, 1, '2024-11-12', NULL),
(66, '2024-11-14', NULL, 'SR', 'H24X83108', 296, 294, '두올', '50', '10', 0, 1, '2024-11-18', NULL),
(67, '2024-11-14', NULL, 'SR', 'H24X83110', 308, 305, '두올', '50', '50', 0, 1, '2024-11-18', NULL),
(68, '2024-11-27', NULL, 'SR', 'H24X83218', 298, 296, '두올', '50', '50', 0, 1, '2024-11-18', NULL),
(69, '2024-11-14', NULL, 'SR', 'H249K0620', 303, 300, '두올', '50', '10', 0, 1, '2024-11-18', NULL),
(70, '2024-11-15', NULL, 'CA', 'KADL401021K-6', 875, 875, '코오롱', '10', '10', 0, 1, '2024-11-18', NULL),
(71, '2024-11-15', NULL, 'CA', 'KADL401021K-7', 875, 875, '코오롱', '10', '10', 0, 1, '2024-11-18', NULL),
(72, '2024-11-27', NULL, '4K', 'BAAA40193B', 463, 463, '코오롱', '10', '10', 0, 1, '2024-11-18', NULL),
(73, '2024-11-01', NULL, '4K', 'BAAA40291A', 220, 220, '코오롱', '10', '10', 0, 0, '2024-11-18', NULL),
(74, '2024-11-01', NULL, '4K', 'BAAA40063A', 460, 460, '코오롱', '10', '10', 0, 0, '2024-11-18', NULL),
(75, '2024-11-01', NULL, '4K', 'BAAA30921A', 450, 450, '코오롱', '10', '10', 0, 0, '2024-11-18', NULL),
(76, '2024-11-01', NULL, '4K', 'BAAA40063B', 462, 462, '코오롱', '10', '10', 0, 0, '2024-11-18', NULL),
(77, '2024-11-01', NULL, '4K', 'BAAA40193A', 459, 459, '코오롱', '10', '10', 0, 0, '2024-11-18', NULL),
(78, '2024-11-01', NULL, '4K', 'BAAA40122B', 501, 501, '코오롱', '10', '10', 0, 0, '2024-11-18', NULL),
(79, '2024-11-01', NULL, '4K', 'BAAA40191B', 536, 536, '코오롱', '10', '10', 0, 0, '2024-11-18', NULL),
(80, '2024-11-28', NULL, 'LT', '52040', 181, 181, '코오롱', '10', '10', 0, 1, '2024-11-18', NULL),
(81, '2024-12-07', NULL, 'LT', '52040-1', 173, 173, '코오롱', '10', '10', 0, 1, '2024-11-18', NULL),
(82, '2024-11-01', NULL, '53', 'H228N2015', 301, 301, '코오롱', '10', '10', 0, 1, '2024-11-18', NULL),
(83, '2024-12-18', NULL, '53', 'H238M0606', 303, 303, '코오롱', '10', '10', 0, 1, '2024-11-18', NULL),
(84, '2024-11-01', NULL, '49', 'H249D1307-1', 307, 307, 'IHC', '10', '50', 0, 1, '2024-11-18', NULL),
(85, '2024-12-05', NULL, '49', 'H249D1310', 305, 305, 'IHC', '10', '50', 0, 1, '2024-11-18', NULL),
(86, '2024-12-02', NULL, '49', 'H224X80904', 299, 299, 'IHC', '10', '10', 0, 1, '2024-11-18', NULL),
(87, '2024-11-01', NULL, '49', 'H249D1209-1', 298, 298, 'IHC', '10', '10', 0, 1, '2024-11-18', NULL),
(88, '2024-11-01', NULL, '49', 'H249D1115-1', 311, 311, 'IHC', '10', '10', 0, 1, '2024-11-18', NULL),
(89, '2024-11-01', NULL, '4K', 'BAAA40193B-1', 463, 463, '코오롱', '10', '10', 0, 0, '2024-11-18', NULL),
(90, '2024-11-20', NULL, 'NK', 'BAH140273B', 555, 555, '코오롱', '10', '10', 0, 1, '2024-11-20', NULL),
(91, '2024-11-01', NULL, '49', 'H244R0605', 300, 300, 'IHC', '10', '10', 0, 1, '2024-11-20', NULL),
(92, '2024-11-21', NULL, 'LT', '240216', 250, 250, 'IHC', '10', '10', 0, 1, '2024-11-21', NULL),
(93, '2024-12-30', NULL, 'LT', '240216-1', 250, 250, 'IHC', '10', '10', 0, 1, '2024-11-21', NULL),
(94, '2024-11-21', NULL, 'LT', '240216-2', 250, 250, 'IHC', '10', '10', 0, 1, '2024-11-21', NULL),
(95, '2024-11-28', NULL, 'TA', '76515', 253, 253, 'IHC', '10', '10', 0, 1, '2024-11-21', NULL),
(96, '2024-11-21', NULL, 'TA', '76515-1', 298, 298, 'IHC', '10', '10', 0, 1, '2024-11-21', NULL),
(97, '2024-12-07', NULL, 'TA', '76515-2', 298, 298, 'IHC', '10', '10', 0, 1, '2024-11-21', NULL),
(98, '2024-12-07', NULL, 'TA', '76515-3', 307, 307, 'IHC', '10', '10', 0, 1, '2024-11-21', NULL),
(99, '2024-11-20', NULL, 'NK', 'BAH130673A', 500, 500, '코오롱', '10', '10', 0, 1, '2024-11-21', NULL),
(100, '2024-11-22', NULL, 'CA', 'KADl401021K-8', 425, 425, '코오롱', '10', '10', 0, 1, '2024-11-22', NULL),
(101, '2024-11-22', NULL, 'CA', 'KADl401021K-9', 425, 425, '코오롱', '10', '10', 0, 1, '2024-11-22', NULL),
(102, '2024-12-02', NULL, 'SR', 'H24X81711', 302, 299, 'IHC', '10', '50', 0, 1, '2024-11-22', NULL),
(103, '2024-11-21', NULL, 'SR', 'H24XM1907', 287, 285, 'IHC', '10', '10', 0, 1, '2024-11-22', NULL),
(104, '2024-11-21', NULL, 'SR', 'H24X83117', 305, 302, 'IHC', '10', '50', 0, 1, '2024-11-22', NULL),
(105, '2024-11-14', NULL, 'SR', 'H242E0206', 300, 300, 'IHC', '10', '10', 0, 1, '2024-11-25', NULL),
(106, '2024-11-22', NULL, 'NK', 'BAH140362C', 450, 450, '코오롱', '10', '10', 0, 1, '2024-11-25', NULL),
(107, '2024-11-22', NULL, 'NK', 'BAH140362B', 450, 450, '코오롱', '10', '10', 0, 1, '2024-11-25', NULL),
(108, '2024-11-22', NULL, 'NK', 'BAH140343A', 450, 450, '코오롱', '10', '10', 0, 1, '2024-11-25', NULL),
(109, '2024-11-26', NULL, 'SR', 'H24XM1920', 303, 300, 'IHC', '10', '50', 0, 1, '2024-11-27', NULL),
(110, '2024-11-28', NULL, 'SR', 'H24XM1809', 293, 291, 'IHC', '10', '10', 0, 1, '2024-11-27', NULL),
(111, '2024-11-28', NULL, 'SR', 'H24XM1809-1', 320, 317, 'IHC', '10', '10', 0, 1, '2024-11-27', NULL),
(112, '2024-11-26', NULL, 'SR', 'H24XM1809-2', 320, 317, 'IHC', '10', '50', 0, 1, '2024-11-27', NULL),
(113, '2024-12-05', NULL, 'SR', 'H24Y11102', 308, 305, 'IHC', '10', '10', 0, 1, '2024-11-27', NULL),
(114, '2024-11-30', NULL, 'NK', 'test', 1, 1, '1', NULL, '2', 0, 1, '2024-11-30', NULL),
(116, '2024-12-07', NULL, 'CA', '1206LH', 875, 875, '코오롱', '10', '10', 0, 1, '2024-12-07', NULL),
(117, '2024-12-07', NULL, 'CA', '1206RH', 875, 875, '코오롱', '10', '10', 0, 1, '2024-12-07', NULL),
(118, '2024-12-07', NULL, '49', 'H24XY1017', 297, 300, 'IHC', '50', '50', 0, 1, '2024-12-07', NULL),
(119, '2024-12-07', NULL, '49', 'H24YE2109', 296, 299, 'IHC', '50', '10', 0, 1, '2024-12-07', NULL),
(120, '2024-12-07', NULL, '49', 'H24YE2110', 290, 293, 'IHC', '50', '50', 0, 1, '2024-12-07', NULL),
(121, '2024-12-06', NULL, 'NK', 'BAH140394B', 410, 410, '코오롱', '10', '19', 0, 1, '2024-12-07', NULL),
(122, '2024-12-07', NULL, '49', 'H24XY0920', 335, 338, 'IHC', '50', '50', 0, 1, '2024-12-07', NULL),
(123, '2024-12-07', NULL, '49', 'H24YE2113', 307, 310, 'IHC', '50', '10', 0, 1, '2024-12-07', NULL),
(124, '2024-12-06', NULL, 'NK', 'BAH140421B', 582, 582, '코오롱', '10', '10', 0, 1, '2024-12-07', NULL),
(125, '2024-12-06', NULL, '4K', 'BAAA41773B', 448, 448, '코오롱', '10', '10', 0, 0, '2024-12-07', NULL),
(126, '2024-12-06', NULL, '4K', 'BAAA41773C', 443, 443, '코오롱', '10', '10', 0, 0, '2024-12-07', NULL),
(127, '2024-12-24', NULL, '4K', 'BAAA41773A', 499, 499, '코오롱', '10', '10', 0, 1, '2024-12-07', NULL),
(128, '2024-12-07', NULL, 'SR', 'H24Y11008', 292, 295, 'IHC', '50', '50', 0, 1, '2024-12-07', NULL),
(129, '2024-12-06', NULL, '4K', 'BAAA41721A', 590, 590, '코오롱', '10', '10', 0, 0, '2024-12-07', NULL),
(130, '2024-12-07', NULL, 'SR', 'H24Y10905', 327, 330, 'IHC', '50', '50', 0, 1, '2024-12-07', NULL),
(131, '2024-12-07', NULL, 'SR', 'H24Y10903', 307, 310, 'IHC', '50', '50', 0, 1, '2024-12-07', NULL),
(132, '2024-12-14', NULL, 'SR', 'H24Y11110', 303, 306, 'IHC', '50', '50', 0, 1, '2024-12-14', NULL),
(133, '2024-12-14', NULL, 'SR', 'H24Y11007', 293, 296, 'IHC', '50', '50', 0, 1, '2024-12-14', NULL),
(134, '2024-12-14', NULL, 'SR', 'H24Y10906', 277, 280, 'IHC', '50', '50', 0, 1, '2024-12-14', NULL),
(135, '2024-12-14', NULL, 'SR', 'H24YM1601', 277, 280, 'IHC', '50', '50', 0, 1, '2024-12-14', NULL),
(136, '2024-12-14', NULL, 'SR', 'H24Y11108', 297, 300, 'IHC', '50', '10', 0, 1, '2024-12-14', NULL),
(137, '2024-12-14', NULL, 'SR', 'H24Y11111', 302, 305, 'IHC', '50', '50', 0, 1, '2024-12-14', NULL),
(138, '2024-12-14', NULL, 'SR', 'H24YM1601-1', 310, 313, 'IHC', '50', '50', 0, 1, '2024-12-14', NULL),
(139, '2024-12-17', NULL, 'SR', 'H24YM1606', 321, 321, 'IHC', '10', '10', 0, 1, '2024-12-20', NULL),
(140, '2024-12-17', NULL, 'SR', 'H24YM1606-1', 297, 297, 'IHC', '10', '10', 0, 1, '2024-12-20', NULL),
(141, '2024-12-20', NULL, 'NK', 'BAH140404A', 470, 470, '코오롱', '50', '50', 0, 1, '2024-12-20', NULL),
(142, '2024-12-29', NULL, 'NK', 'BAH140404B', 437, 437, '코오롱', '50', '10', 0, 1, '2024-12-20', NULL),
(143, '2024-12-20', NULL, 'NK', 'BAH140473A', 470, 470, '코오롱', '50', '50', 0, 1, '2024-12-20', NULL),
(144, '2024-12-28', NULL, 'NK', 'BAH140473B', 455, 455, '코오롱', '50', '10', 0, 1, '2024-12-20', NULL),
(145, '2024-12-28', NULL, 'NK', 'BAH140454A', 530, 530, '코오롱', '50', '10', 0, 1, '2024-12-20', NULL),
(146, '2024-12-28', NULL, 'NK', 'BAH140464B', 517, 517, '코오롱', '50', '10', 0, 1, '2024-12-20', NULL),
(147, '2024-12-20', NULL, 'NK', 'BAH140474A', 101, 101, '코오롱', '50', '10', 0, 1, '2024-12-20', NULL),
(148, '2024-12-20', NULL, 'SR', 'H24Z30301', 327, 330, 'IHC', '50', '50', 0, 1, '2024-12-20', NULL),
(149, '2024-12-20', NULL, 'SR', 'H24YM1708', 293, 296, 'IHC', '50', '50', 0, 1, '2024-12-20', NULL),
(150, '2024-12-30', NULL, 'SR', 'H24Z30301-1', 297, 300, 'IHC', '50', '50', 0, 1, '2024-12-20', NULL),
(151, '2024-12-20', NULL, 'SR', 'H24Z30105', 295, 298, 'IHC', '50', '50', 0, 1, '2024-12-20', NULL),
(152, '2024-12-30', NULL, 'SR', 'H24YM1809', 281, 284, 'IHC', '50', '50', 0, 1, '2024-12-20', NULL),
(153, '2024-12-30', NULL, '49', 'H24YE0119', 297, 300, 'IHC', '50', '50', 0, 1, '2024-12-26', NULL),
(154, '2024-12-26', NULL, '49', 'H24YE0120', 299, 302, 'IHC', '50', '50', 0, 1, '2024-12-26', NULL),
(155, '2024-12-27', NULL, 'SR', 'H24YM1814', 290, 293, 'IHC', '50', '10', 0, 1, '2024-12-26', NULL),
(156, '2024-12-26', NULL, 'SR', 'H24YM1714', 267, 270, 'IHC', '50', '10', 0, 1, '2024-12-26', NULL),
(157, '2024-12-30', NULL, 'SR', 'H24YM1713', 299, 302, 'IHC', '50', '50', 0, 1, '2024-12-26', NULL),
(158, '2024-12-27', NULL, 'SR', 'H24Z30111', 292, 295, 'IHC', '50', '10', 0, 1, '2024-12-26', NULL),
(159, '2024-12-29', NULL, 'NK', 'BAH140501A', 560, 560, '코오롱', '50', '10', 0, 1, '2024-12-30', NULL),
(160, '2024-12-31', NULL, 'NK', 'BAH140491B', 537, 539, '코오롱', '50', '10', 0, 1, '2024-12-30', NULL),
(161, '2024-12-30', NULL, 'NK', 'BAH140501B', 495, 496, '코오롱', '50', '10', 0, 1, '2024-12-30', NULL),
(162, '2024-12-29', NULL, 'NK', 'BAH140511B', 520, 520, '코오롱', '50', '10', 0, 1, '2024-12-30', NULL),
(163, '2024-12-29', NULL, 'NK', 'BAH140502A', 300, 300, '코오롱', '50', '50', 0, 1, '2024-12-30', NULL),
(164, '2024-12-29', NULL, 'NK', 'BAH140511A', 548, 550, '코오롱', '50', '50', 0, 1, '2024-12-30', NULL),
(165, '2024-12-20', NULL, 'TA', '52040-2', 250, 250, 'IHC', '10', '10', 0, 0, '2025-01-02', NULL),
(166, '2024-12-20', NULL, 'IN', '76515-4', 302, 302, 'IHC', '10', '10', 0, 0, '2025-01-02', NULL),
(167, '2024-12-20', NULL, 'IN', '76515-5', 262, 262, 'IHC', '10', '10', 0, 0, '2025-01-02', NULL),
(168, '2024-12-20', NULL, 'IN', '76515-6', 270, 270, 'IHC', '10', '10', 0, 0, '2025-01-02', NULL),
(169, '2024-12-20', NULL, 'IN', '76515-7', 229, 229, 'IHC', '10', '10', 0, 0, '2025-01-02', NULL),
(170, '2024-12-20', NULL, 'IN', '76515-8', 267, 267, 'IHC', '10', '10', 0, 0, '2025-01-02', NULL),
(171, '2024-12-20', NULL, 'IN', '76515-9', 196, 196, 'IHC', '10', '10', 0, 0, '2025-01-02', NULL),
(172, '2025-01-02', NULL, 'SR', 'H24Z30305', 297, 300, 'IHC', '50', '50', 0, 1, '2025-01-02', NULL),
(173, '2025-01-02', NULL, 'SR', 'H24YM1820', 294, 297, 'IHC', '50', '50', 0, 0, '2025-01-02', NULL),
(174, '2025-01-02', NULL, 'SR', 'H24YM1718', 297, 300, 'IHC', '50', '50', 0, 1, '2025-01-02', NULL),
(175, '2025-01-02', NULL, 'SR', 'H24YM1819', 297, 300, 'IHC', '50', '50', 0, 0, '2025-01-02', NULL),
(183, '2025-01-04', NULL, 'NK', 'BAH140495A', 340, 340, '코오롱', '50', '50', 0, 1, '2025-01-04', NULL),
(184, '2025-01-04', NULL, 'NK', 'BAH140495B', 315, 316, '코오롱', '50', '50', 0, 0, '2025-01-04', NULL),
(185, '2025-01-04', NULL, 'NK', 'BAH140503A', 470, 470, '코오롱', '50', '50', 0, 0, '2025-01-04', NULL),
(186, '2025-01-04', NULL, 'NK', 'BAH140503B', 442, 443, '코오롱', '50', '50', 0, 1, '2025-01-04', NULL),
(187, '2025-01-04', NULL, 'NK', 'BAH140494A', 459, 460, '코오롱', '50', '50', 0, 0, '2025-01-04', NULL),
(188, '2025-01-04', NULL, 'NK', 'BAH140494B', 447, 448, '코오롱', '50', '50', 0, 0, '2025-01-04', NULL),
(189, '2025-01-04', NULL, 'NK', 'BAH140521B', 353, 355, '코오롱', '50', '50', 0, 1, '2025-01-04', NULL),
(190, '2024-12-27', NULL, 'SR', 'H24YM1813', 302, 302, 'IHC', '10', '10', 0, 1, '2025-01-06', NULL),
(191, '2025-01-08', NULL, '49', 'H24ZA0312', 295, 298, 'IHC', '50', '50', 0, 0, '2025-01-08', NULL),
(192, '2025-01-08', NULL, '49', 'H24YE2319', 295, 298, 'IHC', '50', '50', 0, 0, '2025-01-08', NULL),
(193, '2025-01-08', NULL, '49', 'H24ZA0207', 289, 292, 'IHC', '50', '50', 0, 0, '2025-01-08', NULL),
(194, '2025-01-08', NULL, '49', 'H24ZA0313', 302, 305, 'IHC', '50', '50', 0, 0, '2025-01-08', NULL),
(195, '2025-01-08', NULL, '49', 'H24ZA0308', 299, 302, 'IHC', '50', '50', 0, 0, '2025-01-08', NULL),
(196, '2025-01-08', NULL, '53', 'H24YX0104', 297, 300, 'IHC', '50', '50', 0, 0, '2025-01-08', NULL),
(197, '2025-01-08', NULL, '53', 'H22Y20202', 308, 311, 'IHC', '50', '50', 0, 0, '2025-01-08', NULL),
(198, '2025-01-08', NULL, 'SR', 'H24ZH0902', 290, 292, 'IHC', '50', '50', 0, 1, '2025-01-09', NULL),
(199, '2025-01-10', NULL, 'NK', 'BAH140532B', 567, 568, '코오롱', '50', '50', 0, 0, '2025-01-10', NULL),
(200, '2025-01-10', NULL, 'NK', 'BAH140524A', 510, 510, '코오롱', '50', '50', 0, 0, '2025-01-10', NULL),
(201, '2025-01-10', NULL, 'NK', 'BAH140524B', 493, 494, '코오롱', '50', '50', 0, 0, '2025-01-10', NULL),
(202, '2025-01-10', NULL, 'NK', 'BAH140532A', 567, 570, '코오롱', '50', '50', 0, 0, '2025-01-10', NULL),
(203, '2025-01-10', NULL, 'NK', 'BAH140561A', 589, 590, '코오롱', '50', '50', 0, 0, '2025-01-10', NULL),
(204, '2025-01-10', NULL, 'NK', 'BAH140561B', 557, 557, '코오롱', '50', '50', 0, 0, '2025-01-10', NULL),
(205, '2025-01-10', NULL, 'NK', 'BAH140552A', 469, 470, '코오롱', '50', '50', 0, 0, '2025-01-10', NULL),
(206, '2025-01-10', NULL, 'NK', 'BAH140552B', 449, 451, '코오롱', '50', '50', 0, 0, '2025-01-10', NULL),
(207, '2025-01-10', NULL, 'NK', 'BAH140544A', 360, 360, '코오롱', '50', '50', 0, 0, '2025-01-10', NULL),
(208, '2025-01-10', NULL, 'NK', 'BAH140474A-1', 101, 101, '코오롱', '50', '50', 0, 1, '2025-01-10', NULL);

DROP TABLE IF EXISTS WORKERS;
CREATE TABLE `WORKERS` (
  `NO` int(11) NOT NULL AUTO_INCREMENT,
  `NAME` varchar(20) NOT NULL,
  PRIMARY KEY (`NO`)
) ENGINE=InnoDB AUTO_INCREMENT=17 DEFAULT CHARSET=utf8;

INSERT INTO WORKERS (NO, NAME) VALUES
(1, '홍길동'),
(2, '김순희'),
(3, '홍길동'),
(4, '김순희'),
(5, '홍길동1'),
(6, '김순희1'),
(7, '홍길동2'),
(8, '김순희2'),
(9, '홍길동3'),
(10, '김순희3'),
(11, '홍길동4'),
(12, '김순희4'),
(13, '홍길동5'),
(14, '김순희5'),
(15, '홍길동6'),
(16, '김순희6');

DROP TABLE IF EXISTS WORKER_COUNT;
CREATE TABLE `WORKER_COUNT` (
  `NO` int(11) NOT NULL AUTO_INCREMENT,
  `WORKER_IDS` varchar(255) DEFAULT NULL,
  `WORKER_COUNT` int(10) NOT NULL,
  `DATE` date DEFAULT NULL,
  PRIMARY KEY (`NO`)
) ENGINE=InnoDB AUTO_INCREMENT=58 DEFAULT CHARSET=utf8;

INSERT INTO WORKER_COUNT (NO, WORKER_IDS, WORKER_COUNT, DATE) VALUES
(45, '1,2,3,4,5,6,7,8,9,10,11,12,13', 13, '2024-08-12'),
(46, '1,4,6,7', 4, '2024-08-13'),
(47, '1,3,5', 3, '2024-08-13'),
(48, '2,5,10,12', 4, '2024-08-13'),
(49, '1,2,3,4', 4, '2024-08-15'),
(50, '1,2', 2, '2024-09-21'),
(51, '3,4,5', 3, '2024-09-21'),
(52, '1,2', 2, '2024-09-21'),
(53, '1,2,3,4,5', 5, '2024-09-21'),
(54, '1,2,3,8', 4, '2024-09-21'),
(55, '8,9,10,11,13,14,15,16', 8, '2024-09-21'),
(56, '13,14,15,16,12,11,7,8,9,10', 10, '2024-09-21'),
(57, '1,2,3,4,5', 5, '2024-09-21');

DROP TABLE IF EXISTS WORKER_SCHEDULE;
CREATE TABLE `WORKER_SCHEDULE` (
  `ID` int(11) NOT NULL AUTO_INCREMENT,
  `WORKER_NO` int(11) DEFAULT NULL,
  `DATE` date DEFAULT current_timestamp(),
  PRIMARY KEY (`ID`),
  KEY `WORKER_NO` (`WORKER_NO`)
) ENGINE=InnoDB AUTO_INCREMENT=12 DEFAULT CHARSET=utf8;

DROP TABLE IF EXISTS WORKING_ORDER;
CREATE TABLE `WORKING_ORDER` (
  `NO` int(10) NOT NULL AUTO_INCREMENT,
  `WORKING_PART` int(10) NOT NULL,
  `COUNT` int(10) NOT NULL,
  `CREATE_DATE` timestamp NOT NULL DEFAULT current_timestamp(),
  `STATE` int(10) NOT NULL DEFAULT 0,
  `JAEDAN_STATE` int(10) NOT NULL DEFAULT 0,
  `REG_ACCOUNT` int(10) NOT NULL,
  `ORDER_ACCOUNT` varchar(30) DEFAULT NULL,
  `UPDATE_ACCOUNT` int(10) DEFAULT NULL,
  PRIMARY KEY (`NO`)
) ENGINE=InnoDB AUTO_INCREMENT=174 DEFAULT CHARSET=utf8;

INSERT INTO WORKING_ORDER (NO, WORKING_PART, COUNT, CREATE_DATE, STATE, JAEDAN_STATE, REG_ACCOUNT, ORDER_ACCOUNT, UPDATE_ACCOUNT) VALUES
(23, 10, 0, '2024-10-25 00:00:00', 1, 0, 10, NULL, 10),
(24, 10, 0, '2024-10-25 00:00:00', 1, 0, 10, NULL, 10),
(25, 10, 0, '2024-10-25 00:00:00', 1, 0, 10, NULL, 10),
(26, 10, 0, '2024-10-25 00:00:00', 1, 0, 10, NULL, 10),
(27, 14, 0, '2024-10-19 00:00:00', 1, 0, 10, NULL, 10),
(28, 12, 0, '2024-10-21 00:00:00', 1, 0, 10, NULL, 10),
(29, 12, 0, '2024-10-21 00:00:00', 1, 0, 10, NULL, 10),
(30, 22, 875, '2024-10-17 00:00:00', 1, 0, 10, NULL, 10),
(31, 23, 875, '2024-10-17 00:00:00', 1, 0, 10, NULL, 10),
(32, 2, 0, '2024-10-18 00:00:00', 1, 0, 10, NULL, 10),
(35, 2, 0, '2024-11-05 00:00:00', 1, 0, 10, NULL, 51),
(36, 19, 0, '2024-10-29 00:00:00', 1, 0, 10, NULL, 10),
(37, 22, 450, '2024-11-04 00:00:00', 1, 0, 10, NULL, 10),
(38, 23, 450, '2024-11-04 00:00:00', 1, 0, 10, NULL, 10),
(39, 19, 1030, '2024-10-30 00:00:00', 1, 0, 10, NULL, 10),
(42, 12, 1031, '2024-10-31 00:00:00', 1, 0, 10, NULL, 10),
(43, 12, 1031, '2024-10-31 00:00:00', 1, 0, 10, NULL, 10),
(44, 10, 1031, '2024-10-31 00:00:00', 1, 0, 10, NULL, 10),
(45, 10, 1104, '2024-11-04 00:00:00', 1, 0, 10, NULL, 10),
(47, 10, 1104, '2024-11-04 00:00:00', 1, 0, 10, NULL, 10),
(48, 4, 1, '2024-11-09 00:00:00', 1, 0, 2, NULL, 2),
(49, 2, 48, '2024-11-09 00:00:00', 1, 0, 2, NULL, 2),
(50, 15, 800, '2024-11-09 00:00:00', 1, 0, 2, NULL, 2),
(51, 10, 900, '2024-11-09 00:00:00', 1, 0, 2, NULL, 2),
(52, 9, 320, '2024-11-09 00:00:00', 1, 0, 2, NULL, 2),
(53, 6, 1, '2024-11-09 00:00:00', 1, 0, 2, NULL, 2),
(56, 22, 700, '2024-11-11 00:00:00', 1, 0, 10, NULL, 10),
(57, 23, 700, '2024-11-11 00:00:00', 1, 0, 10, NULL, 10),
(58, 22, 350, '2024-11-14 00:00:00', 1, 0, 10, NULL, 10),
(59, 23, 350, '2024-11-14 00:00:00', 1, 0, 10, NULL, 10),
(61, 19, 1106, '2024-11-06 00:00:00', 1, 0, 10, NULL, 10),
(62, 14, 1106, '2024-11-06 00:00:00', 1, 0, 10, NULL, 10),
(63, 14, 1105, '2024-11-05 00:00:00', 1, 0, 10, NULL, 10),
(64, 19, 1107, '2024-11-07 00:00:00', 1, 0, 10, NULL, 10),
(65, 9, 1111, '2024-11-11 00:00:00', 1, 0, 10, NULL, 10),
(66, 10, 1118, '2024-11-18 00:00:00', 1, 0, 10, NULL, 10),
(67, 10, 1118, '2024-11-18 00:00:00', 1, 0, 10, NULL, 50),
(68, 10, 1118, '2024-11-18 00:00:00', 1, 0, 10, NULL, 10),
(69, 9, 1120, '2024-11-20 00:00:00', 1, 0, 10, NULL, 10),
(70, 2, 1119, '2024-11-19 00:00:00', 1, 0, 10, NULL, 10),
(71, 2, 1120, '2024-11-20 00:00:00', 1, 0, 10, NULL, 10),
(72, 8, 1120, '2024-11-20 00:00:00', 1, 0, 10, NULL, 10),
(73, 12, 1125, '2024-11-25 00:00:00', 1, 0, 10, NULL, 10),
(74, 8, 1121, '2024-11-21 00:00:00', 1, 0, 10, NULL, 10),
(75, 8, 1122, '2024-11-22 00:00:00', 1, 0, 10, NULL, 10),
(76, 8, 1123, '2024-11-23 00:00:00', 1, 0, 10, NULL, 10),
(77, 2, 1125, '2024-11-25 00:00:00', 1, 0, 10, NULL, 10),
(78, 2, 1128, '2024-11-28 00:00:00', 1, 0, 10, NULL, 10),
(79, 14, 1128, '2024-11-28 00:00:00', 1, 0, 10, NULL, 10),
(80, 2, 1, '2024-11-30 00:00:00', 1, 0, 2, NULL, 2),
(82, 14, 1129, '2024-11-29 00:00:00', 1, 0, 50, NULL, 50),
(85, 14, 224, '2024-12-02 00:00:00', 1, 0, 50, NULL, 50),
(88, 14, 224, '2024-12-02 00:00:00', 1, 0, 50, NULL, 50),
(90, 14, 808, '2024-12-03 00:00:00', 1, 0, 50, NULL, 50),
(91, 22, 875, '2024-12-04 00:00:00', 1, 0, 10, NULL, 10),
(92, 23, 875, '2024-12-04 00:00:00', 1, 0, 10, NULL, 10),
(93, 2, 970, '2024-12-05 00:00:00', 1, 0, 50, NULL, 50),
(95, 13, 880, '2024-12-06 00:00:00', 1, 0, 2, NULL, 50),
(96, 2, 900, '2024-12-06 00:00:00', 1, 0, 2, NULL, 50),
(97, 9, 482, '2024-12-09 00:00:00', 1, 2, 50, NULL, 10),
(105, 1, 1, '2024-12-09 00:00:00', 0, 0, 23, NULL, NULL),
(109, 1, 1, '2024-12-09 00:00:00', 0, 0, 19, NULL, NULL),
(110, 2, 1, '2024-12-09 00:00:00', 1, 2, 50, NULL, 10),
(111, 9, 336, '2024-12-09 00:00:00', 1, 2, 50, NULL, 19),
(113, 14, 768, '2024-12-12 00:00:00', 1, 2, 50, NULL, 50),
(116, 14, 768, '2024-12-14 00:00:00', 1, 2, 50, NULL, 50),
(117, 14, 560, '2024-12-14 00:00:00', 1, 2, 50, NULL, 50),
(118, 14, 768, '2024-12-14 00:00:00', 1, 2, 50, NULL, 50),
(119, 14, 832, '2024-12-14 00:00:00', 1, 2, 50, NULL, 50),
(120, 2, 756, '2024-12-14 00:00:00', 1, 2, 50, NULL, 10),
(121, 2, 588, '2024-12-16 00:00:00', 1, 2, 50, NULL, 50),
(122, 2, 1260, '2024-12-16 00:00:00', 1, 2, 50, NULL, 50),
(123, 2, 1212, '2024-12-16 00:00:00', 1, 2, 50, NULL, 50),
(125, 2, 904, '2024-12-17 00:00:00', 1, 2, 50, NULL, 50),
(126, 2, 1020, '2024-12-17 00:00:00', 1, 2, 50, NULL, 50),
(127, 12, 904, '2024-12-19 00:00:00', 1, 2, 50, NULL, 10),
(128, 14, 1217, '2024-12-17 00:00:00', 1, 2, 10, NULL, 10),
(129, 10, 1217, '2024-12-17 00:00:00', 1, 2, 10, NULL, 10),
(132, 10, 1221, '2024-12-21 00:00:00', 1, 2, 10, NULL, 50),
(133, 9, 388, '2024-12-21 00:00:00', 1, 2, 50, NULL, 50),
(134, 10, 1221, '2024-12-21 00:00:00', 1, 2, 10, NULL, 50),
(135, 10, 1222, '2024-12-22 00:00:00', 1, 2, 10, NULL, 50),
(136, 9, 1223, '2024-12-23 00:00:00', 1, 2, 10, NULL, 50),
(137, 25, 1226, '2024-12-26 00:00:00', 1, 2, 10, NULL, 10),
(139, 9, 1227, '2024-12-27 00:00:00', 1, 2, 10, NULL, 10),
(140, 9, 1227, '2024-12-27 00:00:00', 1, 2, 10, NULL, 10),
(141, 9, 102, '2025-01-02 00:00:00', 1, 2, 10, NULL, 10),
(142, 8, 1223, '2024-12-23 00:00:00', 1, 1, 10, NULL, 50),
(144, 9, 1228, '2024-12-28 00:00:00', 1, 2, 10, NULL, 10),
(145, 9, 1228, '2024-12-28 00:00:00', 1, 2, 10, NULL, 10),
(146, 9, 1228, '2024-12-28 00:00:00', 1, 2, 10, NULL, 10),
(147, 9, 1229, '2024-12-29 00:00:00', 1, 2, 10, NULL, 10),
(148, 9, 1229, '2024-12-29 00:00:00', 1, 2, 10, NULL, 10),
(149, 9, 1229, '2024-12-29 00:00:00', 1, 2, 10, NULL, 10),
(150, 9, 1230, '2024-12-30 00:00:00', 1, 2, 10, NULL, 10),
(151, 9, 1231, '2024-12-31 00:00:00', 1, 2, 10, NULL, 10),
(152, 10, 1226, '2024-12-26 00:00:00', 1, 2, 10, NULL, 10),
(153, 12, 912, '2025-01-05 00:00:00', 1, 2, 50, NULL, 50),
(154, 10, 1226, '2024-12-26 00:00:00', 1, 2, 10, NULL, 10),
(155, 10, 1227, '2025-01-27 00:00:00', 1, 2, 10, NULL, 10),
(156, 10, 1227, '2024-12-27 00:00:00', 1, 2, 10, NULL, 10),
(157, 10, 1227, '2024-12-27 00:00:00', 1, 2, 10, NULL, 10),
(158, 9, 1228, '2024-12-29 00:00:00', 1, 2, 10, NULL, 10),
(159, 9, 1228, '2024-12-28 00:00:00', 1, 2, 10, NULL, 10),
(160, 9, 1228, '2024-12-28 00:00:00', 1, 2, 10, NULL, 10),
(161, 9, 1228, '2024-12-28 00:00:00', 1, 2, 10, NULL, 10),
(162, 9, 454, '2025-01-06 00:00:00', 1, 2, 50, NULL, 50),
(164, 10, 464, '2025-01-06 00:00:00', 1, 2, 50, NULL, 50),
(165, 9, 246, '2025-01-07 00:00:00', 1, 2, 50, NULL, 50),
(167, 2, 800, '2025-01-07 00:00:00', 1, 2, 50, NULL, 50),
(168, 9, 366, '2025-01-08 00:00:00', 1, 2, 50, NULL, 50),
(169, 10, 420, '2025-01-09 00:00:00', 1, 2, 50, NULL, 50),
(170, 9, 280, '2025-01-09 00:00:00', 1, 2, 50, NULL, 50),
(171, 9, 292, '2025-01-10 00:00:00', 1, 2, 50, NULL, 50),
(172, 23, 100, '2025-01-10 00:00:00', 0, 0, 10, NULL, NULL),
(173, 9, 46, '2025-01-10 00:00:00', 1, 2, 50, NULL, 50);

DROP TABLE IF EXISTS WORKING_PART;
CREATE TABLE `WORKING_PART` (
  `NO` int(11) NOT NULL AUTO_INCREMENT,
  `ASSY_PART_NAME` varchar(30) DEFAULT NULL,
  `WONDAN_CODE` int(10) NOT NULL,
  `WONDAN_NAME` varchar(10) DEFAULT NULL,
  `SUB_WONDAN` varchar(10) DEFAULT NULL,
  `PRODUCT_CODE` int(11) NOT NULL,
  PRIMARY KEY (`NO`)
) ENGINE=InnoDB AUTO_INCREMENT=27 DEFAULT CHARSET=utf8;

INSERT INTO WORKING_PART (NO, ASSY_PART_NAME, WONDAN_CODE, WONDAN_NAME, SUB_WONDAN, PRODUCT_CODE) VALUES
(1, 'DAB', 0, '1', '6', 1),
(2, 'DAB', 2, '1', '6', 2),
(3, 'DAB', 0, '1', '6', 3),
(4, 'DAB', 0, '1', '6', 4),
(5, 'DAB', 0, '1', '6', 5),
(6, 'DAB', 0, '1', '6', 6),
(7, 'PAB', 2, '5', '2', 7),
(8, 'PAB', 0, '5', '2', 8),
(9, 'PAB', 0, '5', '6', 9),
(10, 'SAB', 0, '9', '3', 10),
(11, 'SAB', 0, '9', '3', 11),
(12, 'SAB', 0, '9', '3', 12),
(13, 'SAB', 0, '9', '3', 13),
(14, 'SAB', 2, '9', '4', 14),
(15, 'PROTECTOR', 0, '9', NULL, 15),
(16, 'CAB', 0, '8', '7', 16),
(17, 'CAB', 0, '8', '7', 17),
(18, 'KAB', 0, '9', '1', 18),
(19, 'KAB', 0, '9', '1', 19),
(20, 'PAB', 0, '5', '2', 20),
(21, 'PAB', 0, '5', '2', 21),
(22, 'CAB', 1, '8', '7', 22),
(23, 'CAB', 1, '8', '7', 23),
(24, 'PAB', 2, '5', '2', 24),
(25, 'PAB', 2, '5', '2', 25),
(26, 'PAB', 2, '5', '2', 26);

DROP VIEW IF EXISTS CushionProductionView;
CREATE ALGORITHM=UNDEFINED DEFINER=`root`@`localhost` SQL SECURITY DEFINER VIEW `CushionProductionView` AS select `dp`.`NO` AS `NO`,`dp`.`PRODUCTION_PART` AS `PRODUCTION_PART`,`dp`.`COUNT` AS `COUNT`,`dp`.`WORKERS_COUNT` AS `WORKERS_COUNT`,`dp`.`REG_DATE` AS `REG_DATE`,`dp`.`REG_ACCOUNT` AS `REG_ACCOUNT`,`pp`.`PART_NAME` AS `PART_NAME`,`pp`.`SUB_PART_NAME` AS `SUB_PART_NAME`,`pp`.`SUB_PART` AS `SUB_PART`,`pp`.`PROCESS_RATE` AS `PROCESS_RATE` from (`DAYS_PRODUCTION` `dp` join `PRODUCTION_PART` `pp` on(`dp`.`PRODUCTION_PART` = `pp`.`NO`)) where `pp`.`SUB_PART` = 'CUSHION';

DROP VIEW IF EXISTS FoldingProductionView;
CREATE ALGORITHM=UNDEFINED DEFINER=`root`@`localhost` SQL SECURITY DEFINER VIEW `FoldingProductionView` AS select `dp`.`NO` AS `NO`,`dp`.`PRODUCTION_PART` AS `PRODUCTION_PART`,`dp`.`COUNT` AS `COUNT`,`dp`.`WORKERS_COUNT` AS `WORKERS_COUNT`,`dp`.`REG_DATE` AS `REG_DATE`,`dp`.`REG_ACCOUNT` AS `REG_ACCOUNT`,`pp`.`PART_NAME` AS `PART_NAME`,`pp`.`SUB_PART_NAME` AS `SUB_PART_NAME`,`pp`.`SUB_PART` AS `SUB_PART`,`pp`.`PROCESS_RATE` AS `PROCESS_RATE` from (`DAYS_PRODUCTION` `dp` join `PRODUCTION_PART` `pp` on(`dp`.`PRODUCTION_PART` = `pp`.`NO`)) where `pp`.`SUB_PART` = 'FOLDING';

DROP VIEW IF EXISTS JAEDAN_WONDAN_VIEW;
CREATE ALGORITHM=UNDEFINED DEFINER=`root`@`localhost` SQL SECURITY DEFINER VIEW `JAEDAN_WONDAN_VIEW` AS select `j`.`NO` AS `JAEDAN_NO`,`j`.`JAEDAN_NAME` AS `JAEDAN_NAME`,`j`.`ASSY_PART_NAME` AS `ASSY_PART_NAME`,`j`.`WONDAN_CODE` AS `WONDAN_CODE`,`j`.`WONDAN_NAME` AS `JAEDAN_WONDAN_NAME`,`j`.`SUB_WONDAN` AS `SUB_WONDAN`,`j`.`STATE` AS `JAEDAN_STATE`,`w`.`NO` AS `WONDAN_NO`,`w`.`WONDAN_NAME` AS `WONDAN_NAME`,`w`.`NAME` AS `WONDAN_DETAIL_NAME`,`w`.`BUPUM_NO` AS `BUPUM_NO`,`w`.`SUPPLAY` AS `SUPPLAY`,`w`.`WONDAN_BARCODE` AS `WONDAN_BARCODE` from (`JAEDAN_PRODUCTS` `j` left join `WONDAN` `w` on(`j`.`WONDAN_NAME` = `w`.`NO`));

DROP VIEW IF EXISTS PRODUCTS_INVENTORY;
CREATE ALGORITHM=UNDEFINED DEFINER=`root`@`localhost` SQL SECURITY DEFINER VIEW `PRODUCTS_INVENTORY` AS select `PRODUCTS`.`NO` AS `NO`,`PRODUCTS`.`PRODUCT_CODE` AS `PRODUCT_CODE`,`PRODUCTS`.`CAR` AS `CAR`,`PRODUCTS`.`LOCATION` AS `LOCATION`,`PRODUCTS`.`PRODUCT_NAME` AS `PRODUCT_NAME`,`PRODUCTS`.`PRODUCT_FULLNAME` AS `PRODUCT_FULLNAME` from `PRODUCTS`;

DROP VIEW IF EXISTS WORKERS_DATE_VIEW;
CREATE ALGORITHM=UNDEFINED DEFINER=`root`@`localhost` SQL SECURITY DEFINER VIEW `WORKERS_DATE_VIEW` AS select `wc`.`NO` AS `WorkerCountNo`,group_concat(`w`.`NAME` order by field(`w`.`NO`,`wc`.`WORKER_IDS`) ASC separator ',') AS `WorkerNames`,`wc`.`WORKER_COUNT` AS `WORKER_COUNT`,`wc`.`DATE` AS `DATE` from (`NEW_ERP`.`WORKER_COUNT` `wc` join `NEW_ERP`.`WORKERS` `w` on(find_in_set(`w`.`NO`,`wc`.`WORKER_IDS`) > 0)) group by `wc`.`NO`,`wc`.`WORKER_COUNT`,`wc`.`DATE`;

DROP VIEW IF EXISTS WorkerByDateView;
CREATE ALGORITHM=UNDEFINED DEFINER=`root`@`localhost` SQL SECURITY DEFINER VIEW `WorkerByDateView` AS select `w`.`NO` AS `NO`,`w`.`NAME` AS `NAME`,`wc`.`DATE` AS `DATE` from (`NEW_ERP`.`WORKERS` `w` join `NEW_ERP`.`WORKER_COUNT` `wc` on(find_in_set(`w`.`NO`,`wc`.`WORKER_IDS`) > 0));

DROP VIEW IF EXISTS WorkingPartProductsWondanView;
CREATE ALGORITHM=UNDEFINED DEFINER=`root`@`localhost` SQL SECURITY DEFINER VIEW `WorkingPartProductsWondanView` AS select `wp`.`NO` AS `WorkingPartNo`,`wp`.`ASSY_PART_NAME` AS `ASSY_PART_NAME`,`wp`.`WONDAN_NAME` AS `WONDAN_NAME`,`wp`.`PRODUCT_CODE` AS `PRODUCT_CODE`,`p`.`PRODUCT_CODE` AS `ProductCode`,`p`.`CAR` AS `CAR`,`p`.`LOCATION` AS `LOCATION`,`p`.`COMPANY` AS `COMPANY`,`p`.`PRODUCT_NAME` AS `PRODUCT_NAME`,`p`.`PRODUCT_BARCODE` AS `PRODUCT_BARCODE`,`p`.`BARCODE_NO` AS `BARCODE_NO`,`p`.`BARCODE_REV` AS `BARCODE_REV`,`p`.`PRODUCT_CODE_NAME` AS `PRODUCT_CODE_NAME`,`p`.`PRODUCT_PART01` AS `PRODUCT_PART01`,`p`.`PRODUCT_FULLNAME` AS `PRODUCT_FULLNAME`,`p`.`PRODUCT_DESC01` AS `PRODUCT_DESC01`,`p`.`PRODUCT_DESC02` AS `PRODUCT_DESC02`,`p`.`PRODUCT_DESC03` AS `PRODUCT_DESC03`,`p`.`PRODUCT_PART` AS `PRODUCT_PART`,`p`.`CERT_DATE` AS `CERT_DATE`,`p`.`CERTIFY` AS `CERTIFY`,`p`.`STATE` AS `STATE`,`w`.`NAME` AS `WondanName`,`w`.`BUPUM_NO` AS `BUPUM_NO`,`w`.`SUPPLAY` AS `SUPPLAY`,`w`.`WONDAN_BARCODE` AS `WONDAN_BARCODE` from ((`WORKING_PART` `wp` join `WONDAN` `w` on(`wp`.`WONDAN_NAME` = `w`.`NO`)) join `PRODUCTS` `p` on(`wp`.`PRODUCT_CODE` = `p`.`NO`));

DROP VIEW IF EXISTS WorkingPartProductsWondanViewTable;
CREATE ALGORITHM=UNDEFINED DEFINER=`root`@`localhost` SQL SECURITY DEFINER VIEW `WorkingPartProductsWondanViewTable` AS select `wp`.`NO` AS `WorkingPartNo`,`wp`.`ASSY_PART_NAME` AS `ASSY_PART_NAME`,`wp`.`WONDAN_NAME` AS `WONDAN_NAME`,`wp`.`PRODUCT_CODE` AS `PRODUCT_CODE`,`p`.`PRODUCT_CODE` AS `ProductCode`,`p`.`CAR` AS `CAR`,`p`.`LOCATION` AS `LOCATION`,`p`.`COMPANY` AS `COMPANY`,`p`.`PRODUCT_NAME` AS `PRODUCT_NAME`,`p`.`PRODUCT_BARCODE` AS `PRODUCT_BARCODE`,`p`.`BARCODE_NO` AS `BARCODE_NO`,`p`.`BARCODE_REV` AS `BARCODE_REV`,`p`.`PRODUCT_CODE_NAME` AS `PRODUCT_CODE_NAME`,`p`.`PRODUCT_PART01` AS `PRODUCT_PART01`,`p`.`PRODUCT_FULLNAME` AS `PRODUCT_FULLNAME`,`p`.`PRODUCT_DESC01` AS `PRODUCT_DESC01`,`p`.`PRODUCT_DESC02` AS `PRODUCT_DESC02`,`p`.`PRODUCT_DESC03` AS `PRODUCT_DESC03`,`p`.`PRODUCT_PART` AS `PRODUCT_PART`,`p`.`CERT_DATE` AS `CERT_DATE`,`p`.`CERTIFY` AS `CERTIFY`,`p`.`STATE` AS `STATE`,`w`.`NAME` AS `WondanName`,`w`.`BUPUM_NO` AS `BUPUM_NO`,`w`.`SUPPLAY` AS `SUPPLAY`,`w`.`WONDAN_BARCODE` AS `WONDAN_BARCODE` from ((`WORKING_PART` `wp` join `WONDAN` `w` on(`wp`.`WONDAN_NAME` = `w`.`NO`)) join `PRODUCTS` `p` on(`wp`.`PRODUCT_CODE` = `p`.`NO`));

DROP TRIGGER IF EXISTS after_delivery_insert;
DELIMITER //
CREATE DEFINER=`root`@`localhost` TRIGGER `after_delivery_insert` AFTER INSERT ON `DELIVERY` FOR EACH ROW BEGIN
  -- INVENTORY 테이블에 해당 PRODUCT_NO가 있는지 확인
  IF EXISTS (SELECT * FROM INVENTORY WHERE PRODUCT_NO = NEW.PRODUCT_NO) THEN
    -- SUM_COUNT 값을 감소시킴
    UPDATE INVENTORY
    SET SUM_COUNT = SUM_COUNT - NEW.COUNT, DATE = current_timestamp()
    WHERE PRODUCT_NO = NEW.PRODUCT_NO;
    
    -- SUM_COUNT가 0보다 작아지면 해당 항목을 삭제
    DELETE FROM INVENTORY
    WHERE PRODUCT_NO = NEW.PRODUCT_NO AND SUM_COUNT <= 0;
  END IF;
END//
DELIMITER ;

DROP TRIGGER IF EXISTS after_delivery_delete;
DELIMITER //
CREATE DEFINER=`root`@`localhost` TRIGGER `after_delivery_delete` AFTER DELETE ON `DELIVERY` FOR EACH ROW BEGIN
  -- INVENTORY 테이블에 해당 PRODUCT_NO가 있는지 확인
  IF EXISTS (SELECT * FROM INVENTORY WHERE PRODUCT_NO = OLD.PRODUCT_NO) THEN
    -- SUM_COUNT 값을 증가시킴
    UPDATE INVENTORY
    SET SUM_COUNT = SUM_COUNT + OLD.COUNT, DATE = current_timestamp()
    WHERE PRODUCT_NO = OLD.PRODUCT_NO;
  ELSE
    -- INVENTORY 테이블에 해당 PRODUCT_NO가 없다면 새 항목을 추가
    INSERT INTO INVENTORY (PRODUCT_NO, SUM_COUNT, DATE)
    VALUES (OLD.PRODUCT_NO, OLD.COUNT, current_timestamp());
  END IF;
END//
DELIMITER ;

DROP TRIGGER IF EXISTS after_stock_insert;
DELIMITER //
CREATE DEFINER=`root`@`localhost` TRIGGER `after_stock_insert` AFTER INSERT ON `STOCK` FOR EACH ROW BEGIN
  -- INVENTORY 테이블에 해당 PRODUCT_NO가 있는지 확인
  IF EXISTS (SELECT * FROM INVENTORY WHERE PRODUCT_NO = NEW.PRODUCT_NO) THEN
    -- 존재하면 SUM_COUNT 값을 증가시킴
    UPDATE INVENTORY
    SET SUM_COUNT = SUM_COUNT + NEW.COUNT, DATE = current_timestamp()
    WHERE PRODUCT_NO = NEW.PRODUCT_NO;
  ELSE
    -- 존재하지 않으면 새로운 항목을 삽입
    INSERT INTO INVENTORY (PRODUCT_NO, SUM_COUNT, DATE)
    VALUES (NEW.PRODUCT_NO, NEW.COUNT, current_timestamp());
  END IF;
END//
DELIMITER ;

DROP TRIGGER IF EXISTS after_stock_delete;
DELIMITER //
CREATE DEFINER=`root`@`localhost` TRIGGER `after_stock_delete` AFTER DELETE ON `STOCK` FOR EACH ROW BEGIN
  -- INVENTORY 테이블에 해당 PRODUCT_NO가 있는지 확인
  IF EXISTS (SELECT * FROM INVENTORY WHERE PRODUCT_NO = OLD.PRODUCT_NO) THEN
    -- SUM_COUNT 값을 감소시킴
    UPDATE INVENTORY
    SET SUM_COUNT = SUM_COUNT - OLD.COUNT, DATE = current_timestamp()
    WHERE PRODUCT_NO = OLD.PRODUCT_NO;
    
    -- SUM_COUNT가 0보다 작아지면 해당 항목을 삭제
    DELETE FROM INVENTORY
    WHERE PRODUCT_NO = OLD.PRODUCT_NO AND SUM_COUNT <= 0;
  END IF;
END//
DELIMITER ;

