-- phpMyAdmin SQL Dump
-- version 5.2.1
-- https://www.phpmyadmin.net/
--
-- Host: localhost
-- 생성 시간: 24-08-07 21:59
-- 서버 버전: 10.3.32-MariaDB
-- PHP 버전: 8.0.23

SET SQL_MODE = "NO_AUTO_VALUE_ON_ZERO";
START TRANSACTION;
SET time_zone = "+00:00";


/*!40101 SET @OLD_CHARACTER_SET_CLIENT=@@CHARACTER_SET_CLIENT */;
/*!40101 SET @OLD_CHARACTER_SET_RESULTS=@@CHARACTER_SET_RESULTS */;
/*!40101 SET @OLD_COLLATION_CONNECTION=@@COLLATION_CONNECTION */;
/*!40101 SET NAMES utf8mb4 */;

--
-- 데이터베이스: `ALKO_ERP`
--

-- --------------------------------------------------------

--
-- 테이블 구조 `ACCOUNT`
--

CREATE TABLE `ACCOUNT` (
  `NO` int(10) NOT NULL,
  `EMAIL` varchar(30) NOT NULL,
  `NAME` varchar(30) NOT NULL,
  `PASSWORD` varchar(30) DEFAULT NULL,
  `ROLE` varchar(20) NOT NULL DEFAULT '사원',
  `POSITION` varchar(20) NOT NULL DEFAULT '사원',
  `CREATE_DATE` date NOT NULL DEFAULT current_timestamp(),
  `ACCOUNT_STATE` int(11) NOT NULL DEFAULT 1 COMMENT '사용자 상태',
  `LEVEL` int(11) NOT NULL
) ENGINE=InnoDB DEFAULT CHARSET=utf8;

--
-- 테이블의 덤프 데이터 `ACCOUNT`
--

INSERT INTO `ACCOUNT` (`NO`, `EMAIL`, `NAME`, `PASSWORD`, `ROLE`, `POSITION`, `CREATE_DATE`, `ACCOUNT_STATE`, `LEVEL`) VALUES
(1, 'ADMIN', 'ADMIN', '1', '관리자', 'ADMIN', '2024-05-14', 1, 100),
(2, 'tera@email.com', 'tera', '1', '읽기', '사원', '2024-05-22', 1, 10),
(3, 'tera', 'TERA', '1', '읽기', '사원', '2024-05-28', 1, 1),
(1, 'ADMIN', 'ADMIN', '1', '관리자', 'ADMIN', '2024-05-14', 1, 100),
(2, 'tera@email.com', 'tera', '1', '읽기', '사원', '2024-05-22', 1, 10),
(3, 'tera', 'TERA', '1', '읽기', '사원', '2024-05-28', 1, 1);

-- --------------------------------------------------------

--
-- 테이블 구조 `ASSY_PART`
--

CREATE TABLE `ASSY_PART` (
  `ID` int(11) NOT NULL,
  `ASSY_PART_NAME` varchar(30) NOT NULL
) ENGINE=InnoDB DEFAULT CHARSET=utf8;

--
-- 테이블의 덤프 데이터 `ASSY_PART`
--

INSERT INTO `ASSY_PART` (`ID`, `ASSY_PART_NAME`) VALUES
(2, 'CAB'),
(3, 'CENTER'),
(1, 'DAB'),
(4, 'KAB'),
(6, 'PAB'),
(5, 'SAB'),
(2, 'CAB'),
(3, 'CENTER'),
(1, 'DAB'),
(4, 'KAB'),
(6, 'PAB'),
(5, 'SAB');

-- --------------------------------------------------------

--
-- 테이블 구조 `ASSY_SUB_PART`
--

CREATE TABLE `ASSY_SUB_PART` (
  `ID` int(11) NOT NULL,
  `ASSY_SUB_NAME` varchar(30) NOT NULL,
  `CUSIN_NO` varchar(30) NOT NULL,
  `FOLDING_NO` varchar(30) DEFAULT NULL
) ENGINE=InnoDB DEFAULT CHARSET=utf8;

--
-- 테이블의 덤프 데이터 `ASSY_SUB_PART`
--

INSERT INTO `ASSY_SUB_PART` (`ID`, `ASSY_SUB_NAME`, `CUSIN_NO`, `FOLDING_NO`) VALUES
(1, 'TDCV', 'AAA', NULL),
(2, 'EU', 'AAA', NULL),
(3, 'VN', 'BBB', NULL),
(1, 'TDCV', 'AAA', NULL),
(2, 'EU', 'AAA', NULL),
(3, 'VN', 'BBB', NULL);

-- --------------------------------------------------------

--
-- 테이블 구조 `BARCODE_COUNT`
--

CREATE TABLE `BARCODE_COUNT` (
  `NO` int(11) NOT NULL,
  `PRODUCT_CODE` varchar(30) NOT NULL,
  `PRODUCT_CODE_REV` varchar(2) DEFAULT NULL,
  `LAST_SERIAL_NUMBER` int(10) DEFAULT NULL,
  `BARCODE_COUNT` varchar(10) NOT NULL DEFAULT '0'
) ENGINE=InnoDB DEFAULT CHARSET=utf8;

--
-- 테이블의 덤프 데이터 `BARCODE_COUNT`
--

INSERT INTO `BARCODE_COUNT` (`NO`, `PRODUCT_CODE`, `PRODUCT_CODE_REV`, `LAST_SERIAL_NUMBER`, `BARCODE_COUNT`) VALUES
(26, 'KAAL230010K00240807', NULL, 31, '0'),
(45, 'KABL230011K%2001240807', NULL, 3, '0'),
(46, 'KACL230090K%2000240807', NULL, 4, '0'),
(48, 'KAAL230090K01240807', NULL, 2, '0'),
(49, 'KACL231050K%2002240807', NULL, 5, '0'),
(50, 'KAAL230110K%2000240807', NULL, 1, '0');

-- --------------------------------------------------------

--
-- 테이블 구조 `CAR`
--

CREATE TABLE `CAR` (
  `ID` int(10) NOT NULL,
  `CAR_NAME` varchar(30) NOT NULL,
  `CAR_DESCRIPTION` varchar(30) DEFAULT NULL,
  `CAR_CODE` varchar(20) DEFAULT NULL
) ENGINE=InnoDB DEFAULT CHARSET=utf8;

--
-- 테이블의 덤프 데이터 `CAR`
--

INSERT INTO `CAR` (`ID`, `CAR_NAME`, `CAR_DESCRIPTION`, `CAR_CODE`) VALUES
(1, 'TDCV', NULL, NULL),
(2, 'VF33', NULL, NULL),
(3, '34', NULL, NULL),
(4, 'VF35', NULL, NULL),
(5, 'VF36', NULL, NULL),
(1, 'TDCV', NULL, NULL),
(2, 'VF33', NULL, NULL),
(3, '34', NULL, NULL),
(4, 'VF35', NULL, NULL),
(5, 'VF36', NULL, NULL);

-- --------------------------------------------------------

--
-- 테이블 구조 `DEFECTIVE_CAT`
--

CREATE TABLE `DEFECTIVE_CAT` (
  `no` int(11) NOT NULL,
  `CATEGORY` varchar(30) NOT NULL,
  `level` int(11) DEFAULT NULL,
  `etc` varchar(50) DEFAULT NULL
) ENGINE=InnoDB DEFAULT CHARSET=utf8;

--
-- 테이블의 덤프 데이터 `DEFECTIVE_CAT`
--

INSERT INTO `DEFECTIVE_CAT` (`no`, `CATEGORY`, `level`, `etc`) VALUES
(5, '검수', NULL, NULL),
(7, '기타', NULL, NULL),
(3, '봉재불량', NULL, NULL),
(6, '외주', NULL, NULL),
(1, '원단불량', NULL, NULL),
(4, '장비불량', NULL, NULL),
(2, '재단불량', NULL, NULL),
(5, '검수', NULL, NULL),
(7, '기타', NULL, NULL),
(3, '봉재불량', NULL, NULL),
(6, '외주', NULL, NULL),
(1, '원단불량', NULL, NULL),
(4, '장비불량', NULL, NULL),
(2, '재단불량', NULL, NULL);

-- --------------------------------------------------------

--
-- 테이블 구조 `DEFECTIVE_DATA`
--

CREATE TABLE `DEFECTIVE_DATA` (
  `no` int(11) NOT NULL,
  `DATE` date NOT NULL,
  `PART` varchar(20) NOT NULL,
  `CATEGORY` varchar(30) NOT NULL,
  `SUB_CATEGORY` varchar(30) NOT NULL,
  `COUNT` int(11) NOT NULL,
  `SUM` int(11) DEFAULT NULL,
  `ETC` varchar(30) DEFAULT NULL,
  `CREATED_DATE` timestamp NOT NULL DEFAULT current_timestamp()
) ENGINE=InnoDB DEFAULT CHARSET=utf8;

--
-- 테이블의 덤프 데이터 `DEFECTIVE_DATA`
--

INSERT INTO `DEFECTIVE_DATA` (`no`, `DATE`, `PART`, `CATEGORY`, `SUB_CATEGORY`, `COUNT`, `SUM`, `ETC`, `CREATED_DATE`) VALUES
(1, '2024-04-15', 'KAB', '장비불량', '체인불량', 4, NULL, NULL, '2024-04-29 08:08:38'),
(2, '2024-04-01', 'SAB', '재단불량', '탭커팅', 1, NULL, NULL, '2024-04-29 08:09:38'),
(3, '2024-04-01', 'KAB', '원단불량', '원단오염', 5, NULL, NULL, '2024-04-29 08:10:38'),
(4, '2024-04-01', 'KAB', '봉재불량', '밑실부족', 15, NULL, NULL, '2024-04-29 08:11:38'),
(5, '2024-04-01', 'DAB', '장비불량', '체인불량', 3, NULL, NULL, '2024-04-29 08:12:38'),
(6, '2024-04-01', 'DAB', '원단불량', '원단오염', 1, NULL, NULL, '2024-04-29 08:13:38'),
(7, '2024-04-02', 'KAB', '봉재불량', '밑실부족', 26, NULL, NULL, '2024-04-29 08:14:38'),
(8, '2024-04-02', 'KAB', '원단불량', '원단오염', 8, NULL, NULL, '2024-04-29 08:15:38'),
(9, '2024-04-02', 'KAB', '재단불량', '벤트홀불량', 1, NULL, NULL, '2024-04-29 08:16:38'),
(10, '2024-04-02', 'KAB', '장비불량', '땀뜸', 1, NULL, NULL, '2024-04-29 08:17:38'),
(11, '2024-04-02', 'DAB', '원단불량', '원단오염', 1, NULL, NULL, '2024-04-29 08:18:38'),
(12, '2024-04-02', 'DAB', '장비불량', '체인불량', 1, NULL, NULL, '2024-04-29 08:19:38'),
(13, '2024-04-03', 'DAB', '장비불량', '체인불량', 1, NULL, NULL, '2024-04-29 08:20:38'),
(14, '2024-04-03', 'KAB', '봉재불량', '밑실부족', 32, NULL, NULL, '2024-04-29 08:21:38'),
(15, '2024-04-03', 'KAB', '원단불량', '원단손상', 3, NULL, NULL, '2024-04-29 08:22:38'),
(16, '2024-04-03', 'KAB', '장비불량', '땀뜸', 5, NULL, NULL, '2024-04-29 08:23:38'),
(18, '2024-04-04', 'KAB', '장비불량', '땀뜸', 5, NULL, NULL, '2024-04-29 08:25:38'),
(19, '2024-04-04', 'KAB', '봉재불량', '밑실부족', 15, NULL, NULL, '2024-04-29 08:26:38'),
(20, '2024-04-04', 'KAB', '원단불량', '원단오염', 3, NULL, NULL, '2024-04-29 08:27:38'),
(21, '2024-04-04', 'KAB', '장비불량', '체인불량', 4, NULL, NULL, '2024-04-29 08:28:38'),
(22, '2024-04-04', 'KAB', '봉재불량', '부품추가', 1, NULL, NULL, '2024-04-29 08:29:38'),
(24, '2024-04-05', 'KAB', '원단불량', '원단오염', 4, NULL, NULL, '2024-04-29 08:31:38'),
(25, '2024-04-05', 'KAB', '봉재불량', '밑실부족', 5, NULL, NULL, '2024-04-29 08:32:38'),
(26, '2024-04-05', 'KAB', '봉재불량', '접힘', 1, NULL, NULL, '2024-04-29 08:33:38'),
(27, '2024-04-05', 'SAB', '장비불량', '체인불량', 4, NULL, NULL, '2024-04-29 08:34:38'),
(28, '2024-04-05', 'KAB', '장비불량', '원점이탈', 6, NULL, NULL, '2024-04-29 08:35:38'),
(29, '2024-04-05', 'SAB', '장비불량', '원점이탈', 6, NULL, NULL, '2024-04-29 08:36:38'),
(30, '2024-04-08', 'KAB', '원단불량', '원단손상', 9, NULL, NULL, '2024-04-29 08:37:38'),
(31, '2024-04-08', 'KAB', '원단불량', '원단오염', 2, NULL, NULL, '2024-04-29 08:38:38'),
(32, '2024-04-08', 'KAB', '봉재불량', '실끓어짐', 7, NULL, NULL, '2024-04-29 08:39:38'),
(33, '2024-04-08', 'KAB', '장비불량', '체인불량', 5, NULL, NULL, '2024-04-29 08:40:38'),
(34, '2024-04-08', 'KAB', '장비불량', '땀뜸', 13, NULL, NULL, '2024-04-29 08:41:38'),
(35, '2024-04-08', 'KAB', '장비불량', '실끓어짐', 4, NULL, NULL, '2024-04-29 08:42:38'),
(36, '2024-04-09', 'KAB', '원단불량', '원단손상', 4, NULL, NULL, '2024-04-29 08:43:38'),
(37, '2024-04-09', 'SAB', '원단불량', '원단오염', 3, NULL, NULL, '2024-04-29 08:44:38'),
(38, '2024-04-09', 'KAB', '재단불량', '벤트홀불량', 1, NULL, NULL, '2024-04-29 08:45:38'),
(39, '2024-04-09', 'KAB', '봉재불량', '밑실부족', 4, NULL, NULL, '2024-04-29 08:46:38'),
(40, '2024-04-09', 'KAB', '봉재불량', '접힘', 1, NULL, NULL, '2024-04-29 08:47:38'),
(41, '2024-04-09', 'KAB', '장비불량', '체인불량', 5, NULL, NULL, '2024-04-29 08:48:38'),
(42, '2024-04-09', 'KAB', '장비불량', '땀뜸', 1, NULL, NULL, '2024-04-29 08:49:38'),
(43, '2024-04-09', 'KAB', '장비불량', '원점이탈', 12, NULL, NULL, '2024-04-29 08:50:38'),
(44, '2024-04-09', 'KAB', '봉재불량', '실끓어짐', 7, NULL, NULL, '2024-04-29 08:51:38'),
(45, '2024-04-09', 'KAB', '장비불량', '땀뜸', 3, NULL, NULL, '2024-04-29 08:52:38'),
(46, '2024-04-09', 'KAB', '장비불량', '체인불량', 2, NULL, NULL, '2024-04-29 08:53:38'),
(48, '2024-04-09', 'SAB', '원단불량', '원단오염', 1, NULL, NULL, '2024-04-29 08:55:38'),
(49, '2024-04-09', 'SAB', '봉재불량', '심벤트불량', 5, NULL, NULL, '2024-04-29 08:56:38'),
(50, '2024-04-11', 'SAB', '원단불량', '원단오염', 3, NULL, NULL, '2024-04-29 08:57:38'),
(51, '2024-04-11', 'DAB', '원단불량', '원단오염', 1, NULL, NULL, '2024-04-29 08:58:38'),
(52, '2024-04-11', 'DAB', '재단불량', '탭커팅', 1, NULL, NULL, '2024-04-29 08:59:38'),
(53, '2024-04-11', 'SAB', '봉재불량', '밑실부족', 1, NULL, NULL, '2024-04-29 09:00:38'),
(54, '2024-04-11', 'SAB', '장비불량', '실끓어짐', 1, NULL, NULL, '2024-04-29 09:01:38'),
(55, '2024-04-11', 'DAB', '장비불량', '실끓어짐', 1, NULL, NULL, '2024-04-29 09:02:38'),
(56, '2024-04-11', 'SAB', '장비불량', '체인불량', 3, NULL, NULL, '2024-04-29 09:03:38'),
(57, '2024-04-11', 'DAB', '장비불량', '체인불량', 3, NULL, NULL, '2024-04-29 09:04:38'),
(58, '2024-04-11', 'SAB', '봉재불량', '밑실부족', 6, NULL, NULL, '2024-04-29 09:05:38'),
(59, '2024-04-11', 'SAB', '장비불량', '밑실끓어짐', 4, NULL, NULL, '2024-04-29 09:06:38'),
(60, '2024-04-11', 'DAB', '장비불량', '체인불량', 6, NULL, NULL, '2024-04-29 09:07:38'),
(61, '2024-04-12', 'SAB', '원단불량', '원단오염', 1, NULL, NULL, '2024-04-29 09:08:38'),
(62, '2024-04-12', 'KAB', '원단불량', '원단오염', 1, NULL, NULL, '2024-04-29 09:09:38'),
(63, '2024-04-12', 'DAB', '봉재불량', '마감봉재', 1, NULL, NULL, '2024-04-29 09:10:38'),
(64, '2024-04-12', 'KAB', '봉재불량', '접힘', 3, NULL, NULL, '2024-04-29 09:11:38'),
(65, '2024-04-12', 'KAB', '장비불량', '체인불량', 1, NULL, NULL, '2024-04-29 09:12:38'),
(66, '2024-04-12', 'SAB', '장비불량', '체인불량', 1, NULL, NULL, '2024-04-29 09:13:38'),
(67, '2024-04-12', 'SAB', '장비불량', '체인불량', 1, NULL, NULL, '2024-04-29 09:14:38'),
(68, '2024-04-12', 'SAB', '장비불량', '밑실끓어짐', 10, NULL, NULL, '2024-04-29 09:15:38'),
(69, '2024-04-15', 'SAB', '원단불량', '원단손상', 2, NULL, NULL, '2024-04-29 09:16:38'),
(70, '2024-04-15', 'SAB', '장비불량', '접힘', 1, NULL, NULL, '2024-04-29 09:17:38'),
(71, '2024-04-15', 'KAB', '장비불량', '체인불량', 1, NULL, NULL, '2024-04-29 09:18:38'),
(72, '2024-04-15', 'KAB', '장비불량', '밑실불량', 5, NULL, NULL, '2024-04-29 09:19:38'),
(73, '2024-04-15', 'SAB', '장비불량', '밑실끓어짐', 8, NULL, NULL, '2024-04-29 09:20:38'),
(74, '2024-04-15', 'SAB', '장비불량', '체인불량', 1, NULL, NULL, '2024-04-29 09:21:38'),
(75, '2024-04-15', 'SAB', '봉재불량', '부품추가', 2, NULL, NULL, '2024-04-29 09:22:38'),
(76, '2024-04-16', 'SAB', '원단불량', '원단오염', 11, NULL, NULL, '2024-04-29 09:23:38'),
(77, '2024-04-16', 'SAB', '장비불량', '밑실불량', 7, NULL, NULL, '2024-04-29 09:24:38'),
(78, '2024-04-16', 'SAB', '장비불량', '밑실불량', 1, NULL, NULL, '2024-04-29 09:25:38'),
(79, '2024-04-16', 'SAB', '봉재불량', '밑실부족', 1, NULL, NULL, '2024-04-29 09:26:38'),
(80, '2024-04-16', 'SAB', '재단불량', '벤트홀불량', 10, NULL, NULL, '2024-04-29 09:27:38'),
(81, '2024-04-16', 'SAB', '장비불량', '밑실끓어짐', 3, NULL, NULL, '2024-04-29 09:28:38'),
(82, '2024-04-17', 'SAB', '원단불량', '원단손상', 4, NULL, NULL, '2024-04-29 09:29:38'),
(83, '2024-04-17', 'SAB', '원단불량', '원단손상', 4, NULL, NULL, '2024-04-29 09:30:38'),
(84, '2024-04-17', 'SAB', '봉재불량', '밑실부족', 3, NULL, NULL, '2024-04-29 09:31:38'),
(85, '2024-04-17', 'KAB', '봉재불량', '밑실부족', 3, NULL, NULL, '2024-04-29 09:32:38'),
(86, '2024-04-17', 'SAB', '봉재불량', '접힘', 1, NULL, NULL, '2024-04-29 09:33:38'),
(87, '2024-04-17', 'SAB', '장비불량', '밑실불량', 6, NULL, NULL, '2024-04-29 09:34:38'),
(88, '2024-04-17', 'KAB', '장비불량', '밑실불량', 7, NULL, NULL, '2024-04-29 09:35:38'),
(89, '2024-04-17', 'KAB', '장비불량', '체인불량', 4, NULL, NULL, '2024-04-29 09:36:38'),
(90, '2024-04-18', 'SAB', '장비불량', '체인불량', 6, NULL, NULL, '2024-04-29 09:37:38'),
(91, '2024-04-18', 'KAB', '장비불량', '밑실불량', 7, NULL, NULL, '2024-04-29 09:38:38'),
(92, '2024-04-18', 'KAB', '봉재불량', '이탈', 1, NULL, NULL, '2024-04-29 09:39:38'),
(93, '2024-04-18', 'KAB', '장비불량', '체인불량', 1, NULL, NULL, '2024-04-29 09:40:38'),
(94, '2024-04-18', 'KAB', '장비불량', '원점이탈', 2, NULL, NULL, '2024-04-29 09:41:38'),
(95, '2024-04-18', 'CENTER', '장비불량', '체인불량', 1, NULL, NULL, '2024-04-29 09:42:38'),
(96, '2024-04-18', 'SAB', '봉재불량', '접힘', 23, NULL, NULL, '2024-04-29 09:43:38'),
(97, '2024-04-19', 'KAB', '원단불량', '원단손상', 3, NULL, NULL, '2024-04-29 09:44:38'),
(98, '2024-04-19', 'CENTER', '원단불량', '원단손상', 1, NULL, NULL, '2024-04-29 09:45:38'),
(99, '2024-04-19', 'SAB', '재단불량', '탭커팅', 8, NULL, NULL, '2024-04-29 09:46:38'),
(100, '2024-04-19', 'KAB', '재단불량', '탭커팅', 1, NULL, NULL, '2024-04-29 09:47:38'),
(101, '2024-04-19', 'CENTER', '봉재불량', '마감봉재', 1, NULL, NULL, '2024-04-29 09:48:38'),
(102, '2024-04-19', 'KAB', '장비불량', '체인불량', 2, NULL, NULL, '2024-04-29 09:49:38'),
(103, '2024-04-19', 'CENTER', '장비불량', '체인불량', 2, NULL, NULL, '2024-04-29 09:50:38'),
(104, '2024-04-19', 'KAB', '봉재불량', '접힘', 1, NULL, NULL, '2024-04-29 09:51:38'),
(105, '2024-04-19', 'CENTER', '장비불량', '땀뜸', 4, NULL, NULL, '2024-04-29 09:52:38'),
(106, '2024-04-19', 'SAB', '장비불량', '체인불량', 2, NULL, NULL, '2024-04-29 09:53:38'),
(108, '2024-04-22', 'KAB', '원단불량', '원단손상', 1, NULL, NULL, '2024-04-29 09:55:38'),
(109, '2024-04-22', 'KAB', '원단불량', '원단오염', 5, NULL, NULL, '2024-04-29 09:56:38'),
(110, '2024-04-22', 'CENTER', '원단불량', '원단오염', 1, NULL, NULL, '2024-04-29 09:57:38'),
(111, '2024-04-22', 'CENTER', '봉재불량', '밑실부족', 3, NULL, NULL, '2024-04-29 09:58:38'),
(112, '2024-04-22', 'CENTER', '장비불량', '밑실불량', 6, NULL, NULL, '2024-04-29 09:59:38'),
(113, '2024-04-22', 'KAB', '장비불량', '체인불량', 1, NULL, NULL, '2024-04-29 10:00:38'),
(114, '2024-04-22', 'CENTER', '장비불량', '땀뜸', 1, NULL, NULL, '2024-04-29 10:01:38'),
(115, '2024-04-22', 'CENTER', '원단불량', '원단오염', 3, NULL, NULL, '2024-04-29 10:02:38'),
(116, '2024-04-22', 'KAB', '원단불량', '원단오염', 1, NULL, NULL, '2024-04-29 10:03:38'),
(117, '2024-04-23', 'KAB', '원단불량', '원단오염', 1, NULL, NULL, '2024-04-29 10:04:38'),
(118, '2024-04-23', 'KAB', '재단불량', '탭커팅', 4, NULL, NULL, '2024-04-29 10:05:38'),
(119, '2024-04-23', 'KAB', '봉재불량', '밑실부족', 3, NULL, NULL, '2024-04-29 10:06:38'),
(120, '2024-04-23', 'KAB', '장비불량', '체인불량', 1, NULL, NULL, '2024-04-29 10:07:38'),
(121, '2024-04-23', 'KAB', '장비불량', '체인불량', 1, NULL, NULL, '2024-04-29 10:08:38'),
(122, '2024-04-23', 'KAB', '장비불량', '밑실끓어짐', 1, NULL, NULL, '2024-04-29 10:09:38'),
(123, '2024-04-23', 'KAB', '원단불량', '원단손상', 3, NULL, NULL, '2024-04-29 10:10:38'),
(124, '2024-04-23', 'KAB', '장비불량', '밑실불량', 4, NULL, NULL, '2024-04-29 10:11:38'),
(126, '2024-04-24', 'DAB', '원단불량', '원단오염', 6, NULL, NULL, '2024-04-29 10:13:38'),
(127, '2024-04-24', 'CENTER', '원단불량', '원단오염', 2, NULL, NULL, '2024-04-29 10:14:38'),
(128, '2024-04-24', 'KAB', '원단불량', '원단오염', 2, NULL, NULL, '2024-04-29 10:15:38'),
(129, '2024-04-24', 'KAB', '장비불량', '땀뜸', 4, 0, NULL, '2024-04-29 10:16:38'),
(130, '2024-04-24', 'SAB', '장비불량', '땀뜸', 2, 0, NULL, '2024-04-29 10:17:38'),
(131, '2024-04-24', 'DAB', '장비불량', '원점이탈', 1, 0, NULL, '2024-04-29 10:18:38'),
(132, '2024-04-24', 'KAB', '장비불량', '체인불량', 1, 0, NULL, '2024-04-29 10:19:38'),
(133, '2024-04-25', 'DAB', '원단불량', '원단오염', 2, 0, NULL, '2024-04-29 10:20:38'),
(134, '2024-04-25', 'DAB', '봉재불량', '이탈', 2, 0, NULL, '2024-04-29 10:21:38'),
(135, '2024-04-25', 'DAB', '장비불량', '밑실불량', 2, 0, NULL, '2024-04-29 10:22:38'),
(136, '2024-04-25', 'DAB', '원단불량', '원단오염', 1, NULL, NULL, '2024-04-29 10:23:38'),
(137, '2024-04-25', 'KAB', '재단불량', '벤트홀불량', 1, NULL, NULL, '2024-04-29 10:24:38'),
(138, '2024-04-25', 'KAB', '장비불량', '체인불량', 1, NULL, NULL, '2024-04-29 10:25:38'),
(139, '2024-04-26', 'KAB', '원단불량', '원단손상', 6, NULL, NULL, '2024-04-29 10:26:38'),
(140, '2024-04-26', 'KAB', '재단불량', '탭커팅', 4, NULL, NULL, '2024-04-29 10:27:38'),
(141, '2024-04-26', 'KAB', '장비불량', '땀뜸', 1, NULL, NULL, '2024-04-29 10:28:38'),
(142, '2024-04-26', 'KAB', '장비불량', '밑실불량', 6, NULL, NULL, '2024-04-29 10:29:38'),
(143, '2024-04-26', 'KAB', '장비불량', '밑실끓어짐', 2, NULL, NULL, '2024-04-29 10:30:38'),
(144, '2024-04-26', 'KAB', '봉재불량', '부품누락', 1, NULL, NULL, '2024-04-29 10:31:38'),
(145, '2024-04-29', 'SAB', '재단불량', '탭커팅', 7, NULL, NULL, '2024-04-29 10:32:38'),
(146, '2024-04-29', 'KAB', '봉재불량', '밑실부족', 1, NULL, NULL, '2024-04-29 10:33:38'),
(147, '2024-04-29', 'SAB', '봉재불량', '이탈', 1, NULL, NULL, '2024-04-29 10:34:38'),
(148, '2024-04-29', 'CENTER', '봉재불량', '이탈', 2, NULL, NULL, '2024-04-29 10:35:38'),
(149, '2024-04-29', 'SAB', '장비불량', '땀뜸', 1, NULL, NULL, '2024-04-29 10:36:38'),
(150, '2024-04-29', 'CENTER', '장비불량', '밑실불량', 4, NULL, NULL, '2024-04-29 10:37:38'),
(151, '2024-04-29', 'KAB', '장비불량', '체인불량', 1, NULL, NULL, '2024-04-29 10:38:38'),
(152, '2024-04-29', 'SAB', '장비불량', '밑실불량', 1, NULL, NULL, '2024-04-29 10:39:38'),
(153, '2024-04-30', 'KAB', '원단불량', '원단손상', 1, NULL, NULL, '2024-04-29 10:40:38'),
(154, '2024-04-30', 'CENTER', '봉재불량', '밑실부족', 2, NULL, NULL, '2024-04-29 10:41:38'),
(155, '2024-04-30', 'SAB', '원단불량', '원단오염', 3, NULL, NULL, '2024-04-29 10:42:38'),
(156, '2024-04-30', 'CENTER', '봉재불량', '접힘', 1, NULL, NULL, '2024-04-29 10:43:38'),
(157, '2024-04-30', 'KAB', '장비불량', '땀뜸', 1, NULL, NULL, '2024-04-29 10:44:38'),
(158, '2024-04-30', 'CENTER', '장비불량', '밑실끓어짐', 2, NULL, NULL, '2024-04-29 10:45:38'),
(159, '2024-04-03', 'KAB', '검수', '미분류', 7, NULL, NULL, '2024-04-29 21:49:57'),
(160, '2024-04-03', 'KAB', '검수', '체인불량', 2, NULL, NULL, '2024-04-29 21:50:52'),
(161, '2024-04-09', 'SAB', '외주', '기타', 2, NULL, NULL, '2024-04-29 21:53:01'),
(162, '2024-04-19', 'SAB', '외주', '외주불량', 1, NULL, NULL, '2024-04-29 21:53:01'),
(163, '2024-04-23', 'KAB', '기타', '기타', 1, NULL, NULL, '2024-04-29 21:53:16'),
(164, '2024-04-30', 'CENTER', '기타', '미분류', 14, NULL, NULL, '2024-04-29 21:53:16'),
(166, '2024-05-02', 'KAB', '원단불량', '원단오염', 4, 0, '', '2024-05-01 23:10:20'),
(167, '2024-05-02', 'SAB', '원단불량', '원단손상', 1, 0, '', '2024-05-01 23:10:42'),
(168, '2024-05-02', 'SAB', '봉재불량', '밑실부족', 1, 0, '', '2024-05-01 23:11:00'),
(169, '2024-05-02', 'SAB', '봉재불량', '부품누락', 1, 0, '', '2024-05-01 23:11:17'),
(170, '2024-05-02', 'SAB', '봉재불량', '부품변경', 14, 0, '부품구분 잘 안됨', '2024-05-01 23:19:39'),
(171, '2024-05-02', 'KAB', '장비불량', '체인불량', 1, 0, '', '2024-05-01 23:20:09'),
(172, '2024-05-02', 'KAB', '장비불량', '밑실끓어짐', 1, 0, '', '2024-05-01 23:20:40'),
(173, '2024-05-03', 'SAB', '원단불량', '원단오염', 2, 0, '', '2024-05-02 23:01:45'),
(174, '2024-05-03', 'SAB', '재단불량', '탭커팅', 2, 0, '', '2024-05-02 23:02:19'),
(175, '2024-05-03', 'CAB', '재단불량', '탭커팅', 1, 0, '', '2024-05-02 23:02:29'),
(176, '2024-05-03', 'KAB', '재단불량', '탭커팅', 1, 0, '', '2024-05-02 23:02:34'),
(177, '2024-05-03', 'SAB', '봉재불량', '밑실부족', 1, 0, '', '2024-05-02 23:02:59'),
(178, '2024-05-03', 'SAB', '장비불량', '밑실불량', 1, 0, '', '2024-05-02 23:03:43'),
(179, '2024-05-03', 'CENTER', '장비불량', '밑실불량', 1, 0, '', '2024-05-02 23:03:50'),
(180, '2024-05-03', 'CENTER', '장비불량', '원점이탈', 9, 0, '', '2024-05-02 23:04:43'),
(181, '2024-05-03', 'SAB', '장비불량', '원점이탈', 1, 0, '', '2024-05-02 23:04:51'),
(183, '2024-05-07', 'CAB', '기타', '기타', 1, 0, '', '2024-05-07 11:33:33'),
(184, '2024-05-07', '봉재불량', '밑실부족', '2', 2, NULL, NULL, '2024-05-08 07:25:34'),
(185, '2024-05-07', '봉재불량', '밑실부족', '1', 1, NULL, NULL, '2024-05-08 07:25:34'),
(186, '2024-05-07', '장비불량', '땀뜸', '1', 1, NULL, NULL, '2024-05-08 07:25:34'),
(187, '2024-05-07', '장비불량', '땀뜸', '5', 5, NULL, NULL, '2024-05-08 07:25:34'),
(188, '2024-05-07', '장비불량', '체인불량', '1', 1, NULL, NULL, '2024-05-08 07:25:34'),
(189, '2024-05-08', 'KAB', '봉재불량', '밑실부족', 2, 0, '', '2024-05-08 08:01:31'),
(190, '2024-05-08', 'KAB', '봉재불량', '접힘', 1, 0, '', '2024-05-08 08:01:46'),
(191, '2024-05-08', 'KAB', '장비불량', '밑실불량', 2, 0, '', '2024-05-08 08:02:20'),
(192, '2024-05-08', 'KAB', '장비불량', '원점이탈', 4, 0, '', '2024-05-08 08:02:44'),
(194, '2024-05-08', 'SAB', '장비불량', '원점이탈', 1, 0, '', '2024-05-08 08:03:53'),
(195, '2024-05-09', 'KAB', '원단불량', '원단오염', 4, 0, '', '2024-05-12 23:32:23'),
(196, '2024-05-09', 'KAB', '장비불량', '체인불량', 1, 0, '', '2024-05-12 23:32:46'),
(197, '2024-05-10', 'KAB', '장비불량', '밑실불량', 2, 0, '', '2024-05-12 23:33:13'),
(198, '2024-05-13', 'KAB', '봉재불량', '접힘', 2, 0, '', '2024-05-13 08:04:14'),
(199, '2024-05-13', 'KAB', '장비불량', '땀뜸', 1, 0, '', '2024-05-13 08:04:32'),
(200, '2024-05-13', 'KAB', '장비불량', '밑실불량', 1, 0, '', '2024-05-13 08:04:42'),
(201, '2024-05-14', 'SAB', '재단불량', '벤트홀불량', 1, 0, '', '2024-05-14 08:15:37'),
(202, '2024-05-14', 'KAB', '봉재불량', '마감봉재', 1, 0, '', '2024-05-14 08:16:01'),
(203, '2024-05-14', 'KAB', '장비불량', '원점이탈', 2, 0, '', '2024-05-14 08:16:31'),
(204, '2024-05-14', 'SAB', '장비불량', '원점이탈', 1, 0, '', '2024-05-14 08:16:39'),
(205, '2024-05-14', 'KAB', '장비불량', '체인불량', 2, 0, '', '2024-05-14 08:17:44'),
(206, '2024-05-14', 'KAB', '봉재불량', '접힘', 1, 0, '', '2024-05-14 08:17:59'),
(1, '2024-04-15', 'KAB', '장비불량', '체인불량', 4, NULL, NULL, '2024-04-28 23:08:38'),
(2, '2024-04-01', 'SAB', '재단불량', '탭커팅', 1, NULL, NULL, '2024-04-28 23:09:38'),
(3, '2024-04-01', 'KAB', '원단불량', '원단오염', 5, NULL, NULL, '2024-04-28 23:10:38'),
(4, '2024-04-01', 'KAB', '봉재불량', '밑실부족', 15, NULL, NULL, '2024-04-28 23:11:38'),
(5, '2024-04-01', 'DAB', '장비불량', '체인불량', 3, NULL, NULL, '2024-04-28 23:12:38'),
(6, '2024-04-01', 'DAB', '원단불량', '원단오염', 1, NULL, NULL, '2024-04-28 23:13:38'),
(7, '2024-04-02', 'KAB', '봉재불량', '밑실부족', 26, NULL, NULL, '2024-04-28 23:14:38'),
(8, '2024-04-02', 'KAB', '원단불량', '원단오염', 8, NULL, NULL, '2024-04-28 23:15:38'),
(9, '2024-04-02', 'KAB', '재단불량', '벤트홀불량', 1, NULL, NULL, '2024-04-28 23:16:38'),
(10, '2024-04-02', 'KAB', '장비불량', '땀뜸', 1, NULL, NULL, '2024-04-28 23:17:38'),
(11, '2024-04-02', 'DAB', '원단불량', '원단오염', 1, NULL, NULL, '2024-04-28 23:18:38'),
(12, '2024-04-02', 'DAB', '장비불량', '체인불량', 1, NULL, NULL, '2024-04-28 23:19:38'),
(13, '2024-04-03', 'DAB', '장비불량', '체인불량', 1, NULL, NULL, '2024-04-28 23:20:38'),
(14, '2024-04-03', 'KAB', '봉재불량', '밑실부족', 32, NULL, NULL, '2024-04-28 23:21:38'),
(15, '2024-04-03', 'KAB', '원단불량', '원단손상', 3, NULL, NULL, '2024-04-28 23:22:38'),
(16, '2024-04-03', 'KAB', '장비불량', '땀뜸', 5, NULL, NULL, '2024-04-28 23:23:38'),
(18, '2024-04-04', 'KAB', '장비불량', '땀뜸', 5, NULL, NULL, '2024-04-28 23:25:38'),
(19, '2024-04-04', 'KAB', '봉재불량', '밑실부족', 15, NULL, NULL, '2024-04-28 23:26:38'),
(20, '2024-04-04', 'KAB', '원단불량', '원단오염', 3, NULL, NULL, '2024-04-28 23:27:38'),
(21, '2024-04-04', 'KAB', '장비불량', '체인불량', 4, NULL, NULL, '2024-04-28 23:28:38'),
(22, '2024-04-04', 'KAB', '봉재불량', '부품추가', 1, NULL, NULL, '2024-04-28 23:29:38'),
(24, '2024-04-05', 'KAB', '원단불량', '원단오염', 4, NULL, NULL, '2024-04-28 23:31:38'),
(25, '2024-04-05', 'KAB', '봉재불량', '밑실부족', 5, NULL, NULL, '2024-04-28 23:32:38'),
(26, '2024-04-05', 'KAB', '봉재불량', '접힘', 1, NULL, NULL, '2024-04-28 23:33:38'),
(27, '2024-04-05', 'SAB', '장비불량', '체인불량', 4, NULL, NULL, '2024-04-28 23:34:38'),
(28, '2024-04-05', 'KAB', '장비불량', '원점이탈', 6, NULL, NULL, '2024-04-28 23:35:38'),
(29, '2024-04-05', 'SAB', '장비불량', '원점이탈', 6, NULL, NULL, '2024-04-28 23:36:38'),
(30, '2024-04-08', 'KAB', '원단불량', '원단손상', 9, NULL, NULL, '2024-04-28 23:37:38'),
(31, '2024-04-08', 'KAB', '원단불량', '원단오염', 2, NULL, NULL, '2024-04-28 23:38:38'),
(32, '2024-04-08', 'KAB', '봉재불량', '실끓어짐', 7, NULL, NULL, '2024-04-28 23:39:38'),
(33, '2024-04-08', 'KAB', '장비불량', '체인불량', 5, NULL, NULL, '2024-04-28 23:40:38'),
(34, '2024-04-08', 'KAB', '장비불량', '땀뜸', 13, NULL, NULL, '2024-04-28 23:41:38'),
(35, '2024-04-08', 'KAB', '장비불량', '실끓어짐', 4, NULL, NULL, '2024-04-28 23:42:38'),
(36, '2024-04-09', 'KAB', '원단불량', '원단손상', 4, NULL, NULL, '2024-04-28 23:43:38'),
(37, '2024-04-09', 'SAB', '원단불량', '원단오염', 3, NULL, NULL, '2024-04-28 23:44:38'),
(38, '2024-04-09', 'KAB', '재단불량', '벤트홀불량', 1, NULL, NULL, '2024-04-28 23:45:38'),
(39, '2024-04-09', 'KAB', '봉재불량', '밑실부족', 4, NULL, NULL, '2024-04-28 23:46:38'),
(40, '2024-04-09', 'KAB', '봉재불량', '접힘', 1, NULL, NULL, '2024-04-28 23:47:38'),
(41, '2024-04-09', 'KAB', '장비불량', '체인불량', 5, NULL, NULL, '2024-04-28 23:48:38'),
(42, '2024-04-09', 'KAB', '장비불량', '땀뜸', 1, NULL, NULL, '2024-04-28 23:49:38'),
(43, '2024-04-09', 'KAB', '장비불량', '원점이탈', 12, NULL, NULL, '2024-04-28 23:50:38'),
(44, '2024-04-09', 'KAB', '봉재불량', '실끓어짐', 7, NULL, NULL, '2024-04-28 23:51:38'),
(45, '2024-04-09', 'KAB', '장비불량', '땀뜸', 3, NULL, NULL, '2024-04-28 23:52:38'),
(46, '2024-04-09', 'KAB', '장비불량', '체인불량', 2, NULL, NULL, '2024-04-28 23:53:38'),
(48, '2024-04-09', 'SAB', '원단불량', '원단오염', 1, NULL, NULL, '2024-04-28 23:55:38'),
(49, '2024-04-09', 'SAB', '봉재불량', '심벤트불량', 5, NULL, NULL, '2024-04-28 23:56:38'),
(50, '2024-04-11', 'SAB', '원단불량', '원단오염', 3, NULL, NULL, '2024-04-28 23:57:38'),
(51, '2024-04-11', 'DAB', '원단불량', '원단오염', 1, NULL, NULL, '2024-04-28 23:58:38'),
(52, '2024-04-11', 'DAB', '재단불량', '탭커팅', 1, NULL, NULL, '2024-04-28 23:59:38'),
(53, '2024-04-11', 'SAB', '봉재불량', '밑실부족', 1, NULL, NULL, '2024-04-29 00:00:38'),
(54, '2024-04-11', 'SAB', '장비불량', '실끓어짐', 1, NULL, NULL, '2024-04-29 00:01:38'),
(55, '2024-04-11', 'DAB', '장비불량', '실끓어짐', 1, NULL, NULL, '2024-04-29 00:02:38'),
(56, '2024-04-11', 'SAB', '장비불량', '체인불량', 3, NULL, NULL, '2024-04-29 00:03:38'),
(57, '2024-04-11', 'DAB', '장비불량', '체인불량', 3, NULL, NULL, '2024-04-29 00:04:38'),
(58, '2024-04-11', 'SAB', '봉재불량', '밑실부족', 6, NULL, NULL, '2024-04-29 00:05:38'),
(59, '2024-04-11', 'SAB', '장비불량', '밑실끓어짐', 4, NULL, NULL, '2024-04-29 00:06:38'),
(60, '2024-04-11', 'DAB', '장비불량', '체인불량', 6, NULL, NULL, '2024-04-29 00:07:38'),
(61, '2024-04-12', 'SAB', '원단불량', '원단오염', 1, NULL, NULL, '2024-04-29 00:08:38'),
(62, '2024-04-12', 'KAB', '원단불량', '원단오염', 1, NULL, NULL, '2024-04-29 00:09:38'),
(63, '2024-04-12', 'DAB', '봉재불량', '마감봉재', 1, NULL, NULL, '2024-04-29 00:10:38'),
(64, '2024-04-12', 'KAB', '봉재불량', '접힘', 3, NULL, NULL, '2024-04-29 00:11:38'),
(65, '2024-04-12', 'KAB', '장비불량', '체인불량', 1, NULL, NULL, '2024-04-29 00:12:38'),
(66, '2024-04-12', 'SAB', '장비불량', '체인불량', 1, NULL, NULL, '2024-04-29 00:13:38'),
(67, '2024-04-12', 'SAB', '장비불량', '체인불량', 1, NULL, NULL, '2024-04-29 00:14:38'),
(68, '2024-04-12', 'SAB', '장비불량', '밑실끓어짐', 10, NULL, NULL, '2024-04-29 00:15:38'),
(69, '2024-04-15', 'SAB', '원단불량', '원단손상', 2, NULL, NULL, '2024-04-29 00:16:38'),
(70, '2024-04-15', 'SAB', '장비불량', '접힘', 1, NULL, NULL, '2024-04-29 00:17:38'),
(71, '2024-04-15', 'KAB', '장비불량', '체인불량', 1, NULL, NULL, '2024-04-29 00:18:38'),
(72, '2024-04-15', 'KAB', '장비불량', '밑실불량', 5, NULL, NULL, '2024-04-29 00:19:38'),
(73, '2024-04-15', 'SAB', '장비불량', '밑실끓어짐', 8, NULL, NULL, '2024-04-29 00:20:38'),
(74, '2024-04-15', 'SAB', '장비불량', '체인불량', 1, NULL, NULL, '2024-04-29 00:21:38'),
(75, '2024-04-15', 'SAB', '봉재불량', '부품추가', 2, NULL, NULL, '2024-04-29 00:22:38'),
(76, '2024-04-16', 'SAB', '원단불량', '원단오염', 11, NULL, NULL, '2024-04-29 00:23:38'),
(77, '2024-04-16', 'SAB', '장비불량', '밑실불량', 7, NULL, NULL, '2024-04-29 00:24:38'),
(78, '2024-04-16', 'SAB', '장비불량', '밑실불량', 1, NULL, NULL, '2024-04-29 00:25:38'),
(79, '2024-04-16', 'SAB', '봉재불량', '밑실부족', 1, NULL, NULL, '2024-04-29 00:26:38'),
(80, '2024-04-16', 'SAB', '재단불량', '벤트홀불량', 10, NULL, NULL, '2024-04-29 00:27:38'),
(81, '2024-04-16', 'SAB', '장비불량', '밑실끓어짐', 3, NULL, NULL, '2024-04-29 00:28:38'),
(82, '2024-04-17', 'SAB', '원단불량', '원단손상', 4, NULL, NULL, '2024-04-29 00:29:38'),
(83, '2024-04-17', 'SAB', '원단불량', '원단손상', 4, NULL, NULL, '2024-04-29 00:30:38'),
(84, '2024-04-17', 'SAB', '봉재불량', '밑실부족', 3, NULL, NULL, '2024-04-29 00:31:38'),
(85, '2024-04-17', 'KAB', '봉재불량', '밑실부족', 3, NULL, NULL, '2024-04-29 00:32:38'),
(86, '2024-04-17', 'SAB', '봉재불량', '접힘', 1, NULL, NULL, '2024-04-29 00:33:38'),
(87, '2024-04-17', 'SAB', '장비불량', '밑실불량', 6, NULL, NULL, '2024-04-29 00:34:38'),
(88, '2024-04-17', 'KAB', '장비불량', '밑실불량', 7, NULL, NULL, '2024-04-29 00:35:38'),
(89, '2024-04-17', 'KAB', '장비불량', '체인불량', 4, NULL, NULL, '2024-04-29 00:36:38'),
(90, '2024-04-18', 'SAB', '장비불량', '체인불량', 6, NULL, NULL, '2024-04-29 00:37:38'),
(91, '2024-04-18', 'KAB', '장비불량', '밑실불량', 7, NULL, NULL, '2024-04-29 00:38:38'),
(92, '2024-04-18', 'KAB', '봉재불량', '이탈', 1, NULL, NULL, '2024-04-29 00:39:38'),
(93, '2024-04-18', 'KAB', '장비불량', '체인불량', 1, NULL, NULL, '2024-04-29 00:40:38'),
(94, '2024-04-18', 'KAB', '장비불량', '원점이탈', 2, NULL, NULL, '2024-04-29 00:41:38'),
(95, '2024-04-18', 'CENTER', '장비불량', '체인불량', 1, NULL, NULL, '2024-04-29 00:42:38'),
(96, '2024-04-18', 'SAB', '봉재불량', '접힘', 23, NULL, NULL, '2024-04-29 00:43:38'),
(97, '2024-04-19', 'KAB', '원단불량', '원단손상', 3, NULL, NULL, '2024-04-29 00:44:38'),
(98, '2024-04-19', 'CENTER', '원단불량', '원단손상', 1, NULL, NULL, '2024-04-29 00:45:38'),
(99, '2024-04-19', 'SAB', '재단불량', '탭커팅', 8, NULL, NULL, '2024-04-29 00:46:38'),
(100, '2024-04-19', 'KAB', '재단불량', '탭커팅', 1, NULL, NULL, '2024-04-29 00:47:38'),
(101, '2024-04-19', 'CENTER', '봉재불량', '마감봉재', 1, NULL, NULL, '2024-04-29 00:48:38'),
(102, '2024-04-19', 'KAB', '장비불량', '체인불량', 2, NULL, NULL, '2024-04-29 00:49:38'),
(103, '2024-04-19', 'CENTER', '장비불량', '체인불량', 2, NULL, NULL, '2024-04-29 00:50:38'),
(104, '2024-04-19', 'KAB', '봉재불량', '접힘', 1, NULL, NULL, '2024-04-29 00:51:38'),
(105, '2024-04-19', 'CENTER', '장비불량', '땀뜸', 4, NULL, NULL, '2024-04-29 00:52:38'),
(106, '2024-04-19', 'SAB', '장비불량', '체인불량', 2, NULL, NULL, '2024-04-29 00:53:38'),
(108, '2024-04-22', 'KAB', '원단불량', '원단손상', 1, NULL, NULL, '2024-04-29 00:55:38'),
(109, '2024-04-22', 'KAB', '원단불량', '원단오염', 5, NULL, NULL, '2024-04-29 00:56:38'),
(110, '2024-04-22', 'CENTER', '원단불량', '원단오염', 1, NULL, NULL, '2024-04-29 00:57:38'),
(111, '2024-04-22', 'CENTER', '봉재불량', '밑실부족', 3, NULL, NULL, '2024-04-29 00:58:38'),
(112, '2024-04-22', 'CENTER', '장비불량', '밑실불량', 6, NULL, NULL, '2024-04-29 00:59:38'),
(113, '2024-04-22', 'KAB', '장비불량', '체인불량', 1, NULL, NULL, '2024-04-29 01:00:38'),
(114, '2024-04-22', 'CENTER', '장비불량', '땀뜸', 1, NULL, NULL, '2024-04-29 01:01:38'),
(115, '2024-04-22', 'CENTER', '원단불량', '원단오염', 3, NULL, NULL, '2024-04-29 01:02:38'),
(116, '2024-04-22', 'KAB', '원단불량', '원단오염', 1, NULL, NULL, '2024-04-29 01:03:38'),
(117, '2024-04-23', 'KAB', '원단불량', '원단오염', 1, NULL, NULL, '2024-04-29 01:04:38'),
(118, '2024-04-23', 'KAB', '재단불량', '탭커팅', 4, NULL, NULL, '2024-04-29 01:05:38'),
(119, '2024-04-23', 'KAB', '봉재불량', '밑실부족', 3, NULL, NULL, '2024-04-29 01:06:38'),
(120, '2024-04-23', 'KAB', '장비불량', '체인불량', 1, NULL, NULL, '2024-04-29 01:07:38'),
(121, '2024-04-23', 'KAB', '장비불량', '체인불량', 1, NULL, NULL, '2024-04-29 01:08:38'),
(122, '2024-04-23', 'KAB', '장비불량', '밑실끓어짐', 1, NULL, NULL, '2024-04-29 01:09:38'),
(123, '2024-04-23', 'KAB', '원단불량', '원단손상', 3, NULL, NULL, '2024-04-29 01:10:38'),
(124, '2024-04-23', 'KAB', '장비불량', '밑실불량', 4, NULL, NULL, '2024-04-29 01:11:38'),
(126, '2024-04-24', 'DAB', '원단불량', '원단오염', 6, NULL, NULL, '2024-04-29 01:13:38'),
(127, '2024-04-24', 'CENTER', '원단불량', '원단오염', 2, NULL, NULL, '2024-04-29 01:14:38'),
(128, '2024-04-24', 'KAB', '원단불량', '원단오염', 2, NULL, NULL, '2024-04-29 01:15:38'),
(129, '2024-04-24', 'KAB', '장비불량', '땀뜸', 4, 0, NULL, '2024-04-29 01:16:38'),
(130, '2024-04-24', 'SAB', '장비불량', '땀뜸', 2, 0, NULL, '2024-04-29 01:17:38'),
(131, '2024-04-24', 'DAB', '장비불량', '원점이탈', 1, 0, NULL, '2024-04-29 01:18:38'),
(132, '2024-04-24', 'KAB', '장비불량', '체인불량', 1, 0, NULL, '2024-04-29 01:19:38'),
(133, '2024-04-25', 'DAB', '원단불량', '원단오염', 2, 0, NULL, '2024-04-29 01:20:38'),
(134, '2024-04-25', 'DAB', '봉재불량', '이탈', 2, 0, NULL, '2024-04-29 01:21:38'),
(135, '2024-04-25', 'DAB', '장비불량', '밑실불량', 2, 0, NULL, '2024-04-29 01:22:38'),
(136, '2024-04-25', 'DAB', '원단불량', '원단오염', 1, NULL, NULL, '2024-04-29 01:23:38'),
(137, '2024-04-25', 'KAB', '재단불량', '벤트홀불량', 1, NULL, NULL, '2024-04-29 01:24:38'),
(138, '2024-04-25', 'KAB', '장비불량', '체인불량', 1, NULL, NULL, '2024-04-29 01:25:38'),
(139, '2024-04-26', 'KAB', '원단불량', '원단손상', 6, NULL, NULL, '2024-04-29 01:26:38'),
(140, '2024-04-26', 'KAB', '재단불량', '탭커팅', 4, NULL, NULL, '2024-04-29 01:27:38'),
(141, '2024-04-26', 'KAB', '장비불량', '땀뜸', 1, NULL, NULL, '2024-04-29 01:28:38'),
(142, '2024-04-26', 'KAB', '장비불량', '밑실불량', 6, NULL, NULL, '2024-04-29 01:29:38'),
(143, '2024-04-26', 'KAB', '장비불량', '밑실끓어짐', 2, NULL, NULL, '2024-04-29 01:30:38'),
(144, '2024-04-26', 'KAB', '봉재불량', '부품누락', 1, NULL, NULL, '2024-04-29 01:31:38'),
(145, '2024-04-29', 'SAB', '재단불량', '탭커팅', 7, NULL, NULL, '2024-04-29 01:32:38'),
(146, '2024-04-29', 'KAB', '봉재불량', '밑실부족', 1, NULL, NULL, '2024-04-29 01:33:38'),
(147, '2024-04-29', 'SAB', '봉재불량', '이탈', 1, NULL, NULL, '2024-04-29 01:34:38'),
(148, '2024-04-29', 'CENTER', '봉재불량', '이탈', 2, NULL, NULL, '2024-04-29 01:35:38'),
(149, '2024-04-29', 'SAB', '장비불량', '땀뜸', 1, NULL, NULL, '2024-04-29 01:36:38'),
(150, '2024-04-29', 'CENTER', '장비불량', '밑실불량', 4, NULL, NULL, '2024-04-29 01:37:38'),
(151, '2024-04-29', 'KAB', '장비불량', '체인불량', 1, NULL, NULL, '2024-04-29 01:38:38'),
(152, '2024-04-29', 'SAB', '장비불량', '밑실불량', 1, NULL, NULL, '2024-04-29 01:39:38'),
(153, '2024-04-30', 'KAB', '원단불량', '원단손상', 1, NULL, NULL, '2024-04-29 01:40:38'),
(154, '2024-04-30', 'CENTER', '봉재불량', '밑실부족', 2, NULL, NULL, '2024-04-29 01:41:38'),
(155, '2024-04-30', 'SAB', '원단불량', '원단오염', 3, NULL, NULL, '2024-04-29 01:42:38'),
(156, '2024-04-30', 'CENTER', '봉재불량', '접힘', 1, NULL, NULL, '2024-04-29 01:43:38'),
(157, '2024-04-30', 'KAB', '장비불량', '땀뜸', 1, NULL, NULL, '2024-04-29 01:44:38'),
(158, '2024-04-30', 'CENTER', '장비불량', '밑실끓어짐', 2, NULL, NULL, '2024-04-29 01:45:38'),
(159, '2024-04-03', 'KAB', '검수', '미분류', 7, NULL, NULL, '2024-04-29 12:49:57'),
(160, '2024-04-03', 'KAB', '검수', '체인불량', 2, NULL, NULL, '2024-04-29 12:50:52'),
(161, '2024-04-09', 'SAB', '외주', '기타', 2, NULL, NULL, '2024-04-29 12:53:01'),
(162, '2024-04-19', 'SAB', '외주', '외주불량', 1, NULL, NULL, '2024-04-29 12:53:01'),
(163, '2024-04-23', 'KAB', '기타', '기타', 1, NULL, NULL, '2024-04-29 12:53:16'),
(164, '2024-04-30', 'CENTER', '기타', '미분류', 14, NULL, NULL, '2024-04-29 12:53:16'),
(166, '2024-05-02', 'KAB', '원단불량', '원단오염', 4, 0, '', '2024-05-01 14:10:20'),
(167, '2024-05-02', 'SAB', '원단불량', '원단손상', 1, 0, '', '2024-05-01 14:10:42'),
(168, '2024-05-02', 'SAB', '봉재불량', '밑실부족', 1, 0, '', '2024-05-01 14:11:00'),
(169, '2024-05-02', 'SAB', '봉재불량', '부품누락', 1, 0, '', '2024-05-01 14:11:17'),
(170, '2024-05-02', 'SAB', '봉재불량', '부품변경', 14, 0, '부품구분 잘 안됨', '2024-05-01 14:19:39'),
(171, '2024-05-02', 'KAB', '장비불량', '체인불량', 1, 0, '', '2024-05-01 14:20:09'),
(172, '2024-05-02', 'KAB', '장비불량', '밑실끓어짐', 1, 0, '', '2024-05-01 14:20:40'),
(173, '2024-05-03', 'SAB', '원단불량', '원단오염', 2, 0, '', '2024-05-02 14:01:45'),
(174, '2024-05-03', 'SAB', '재단불량', '탭커팅', 2, 0, '', '2024-05-02 14:02:19'),
(175, '2024-05-03', 'CAB', '재단불량', '탭커팅', 1, 0, '', '2024-05-02 14:02:29'),
(176, '2024-05-03', 'KAB', '재단불량', '탭커팅', 1, 0, '', '2024-05-02 14:02:34'),
(177, '2024-05-03', 'SAB', '봉재불량', '밑실부족', 1, 0, '', '2024-05-02 14:02:59'),
(178, '2024-05-03', 'SAB', '장비불량', '밑실불량', 1, 0, '', '2024-05-02 14:03:43'),
(179, '2024-05-03', 'CENTER', '장비불량', '밑실불량', 1, 0, '', '2024-05-02 14:03:50'),
(180, '2024-05-03', 'CENTER', '장비불량', '원점이탈', 9, 0, '', '2024-05-02 14:04:43'),
(181, '2024-05-03', 'SAB', '장비불량', '원점이탈', 1, 0, '', '2024-05-02 14:04:51'),
(183, '2024-05-07', 'CAB', '기타', '기타', 1, 0, '', '2024-05-07 02:33:33'),
(184, '2024-05-07', '봉재불량', '밑실부족', '2', 2, NULL, NULL, '2024-05-07 22:25:34'),
(185, '2024-05-07', '봉재불량', '밑실부족', '1', 1, NULL, NULL, '2024-05-07 22:25:34'),
(186, '2024-05-07', '장비불량', '땀뜸', '1', 1, NULL, NULL, '2024-05-07 22:25:34'),
(187, '2024-05-07', '장비불량', '땀뜸', '5', 5, NULL, NULL, '2024-05-07 22:25:34'),
(188, '2024-05-07', '장비불량', '체인불량', '1', 1, NULL, NULL, '2024-05-07 22:25:34'),
(189, '2024-05-08', 'KAB', '봉재불량', '밑실부족', 2, 0, '', '2024-05-07 23:01:31'),
(190, '2024-05-08', 'KAB', '봉재불량', '접힘', 1, 0, '', '2024-05-07 23:01:46'),
(191, '2024-05-08', 'KAB', '장비불량', '밑실불량', 2, 0, '', '2024-05-07 23:02:20'),
(192, '2024-05-08', 'KAB', '장비불량', '원점이탈', 4, 0, '', '2024-05-07 23:02:44'),
(194, '2024-05-08', 'SAB', '장비불량', '원점이탈', 1, 0, '', '2024-05-07 23:03:53'),
(195, '2024-05-09', 'KAB', '원단불량', '원단오염', 4, 0, '', '2024-05-12 14:32:23'),
(196, '2024-05-09', 'KAB', '장비불량', '체인불량', 1, 0, '', '2024-05-12 14:32:46'),
(197, '2024-05-10', 'KAB', '장비불량', '밑실불량', 2, 0, '', '2024-05-12 14:33:13'),
(198, '2024-05-13', 'KAB', '봉재불량', '접힘', 2, 0, '', '2024-05-12 23:04:14'),
(199, '2024-05-13', 'KAB', '장비불량', '땀뜸', 1, 0, '', '2024-05-12 23:04:32'),
(200, '2024-05-13', 'KAB', '장비불량', '밑실불량', 1, 0, '', '2024-05-12 23:04:42'),
(201, '2024-05-14', 'SAB', '재단불량', '벤트홀불량', 1, 0, '', '2024-05-13 23:15:37'),
(202, '2024-05-14', 'KAB', '봉재불량', '마감봉재', 1, 0, '', '2024-05-13 23:16:01'),
(203, '2024-05-14', 'KAB', '장비불량', '원점이탈', 2, 0, '', '2024-05-13 23:16:31'),
(204, '2024-05-14', 'SAB', '장비불량', '원점이탈', 1, 0, '', '2024-05-13 23:16:39'),
(205, '2024-05-14', 'KAB', '장비불량', '체인불량', 2, 0, '', '2024-05-13 23:17:44'),
(206, '2024-05-14', 'KAB', '봉재불량', '접힘', 1, 0, '', '2024-05-13 23:17:59');

-- --------------------------------------------------------

--
-- 테이블 구조 `DEFECTIVE_SUB_CAT`
--

CREATE TABLE `DEFECTIVE_SUB_CAT` (
  `no` int(11) NOT NULL,
  `SUB_CATEGORY` varchar(30) NOT NULL,
  `PARENT_CAT` varchar(20) NOT NULL,
  `level` int(11) DEFAULT NULL
) ENGINE=InnoDB DEFAULT CHARSET=utf8;

--
-- 테이블의 덤프 데이터 `DEFECTIVE_SUB_CAT`
--

INSERT INTO `DEFECTIVE_SUB_CAT` (`no`, `SUB_CATEGORY`, `PARENT_CAT`, `level`) VALUES
(24, '기타', '기타', NULL),
(18, '땀뜸', '장비불량', NULL),
(10, '땀수', '봉재불량', NULL),
(22, '라벨누락', '검수', NULL),
(13, '마감봉재', '봉재불량', NULL),
(25, '미분류', '검수', NULL),
(20, '밑실끓어짐', '장비불량', NULL),
(6, '밑실부족', '봉재불량', NULL),
(19, '밑실불량', '장비불량', NULL),
(3, '벤트홀불량', '재단불량', NULL),
(8, '부품누락', '봉재불량', NULL),
(26, '부품변경', '봉재불량', NULL),
(9, '부품추가', '봉재불량', NULL),
(14, '실끓어짐', '봉재불량', NULL),
(5, '심벤트불량', '봉재불량', NULL),
(23, '외주불량', '외주', NULL),
(1, '원단손상', '원단불량', NULL),
(2, '원단오염', '원단불량', NULL),
(21, '원점이탈', '장비불량', NULL),
(11, '이물질추가', '봉재불량', NULL),
(16, '이탈', '봉재불량', NULL),
(7, '접힘', '봉재불량', NULL),
(17, '체인불량', '장비불량', NULL),
(15, '탭부착불량', '봉재불량', NULL),
(4, '탭커팅', '재단불량', NULL),
(12, '테더봉재불량', '봉재불량', NULL),
(24, '기타', '기타', NULL),
(18, '땀뜸', '장비불량', NULL),
(10, '땀수', '봉재불량', NULL),
(22, '라벨누락', '검수', NULL),
(13, '마감봉재', '봉재불량', NULL),
(25, '미분류', '검수', NULL),
(20, '밑실끓어짐', '장비불량', NULL),
(6, '밑실부족', '봉재불량', NULL),
(19, '밑실불량', '장비불량', NULL),
(3, '벤트홀불량', '재단불량', NULL),
(8, '부품누락', '봉재불량', NULL),
(26, '부품변경', '봉재불량', NULL),
(9, '부품추가', '봉재불량', NULL),
(14, '실끓어짐', '봉재불량', NULL),
(5, '심벤트불량', '봉재불량', NULL),
(23, '외주불량', '외주', NULL),
(1, '원단손상', '원단불량', NULL),
(2, '원단오염', '원단불량', NULL),
(21, '원점이탈', '장비불량', NULL),
(11, '이물질추가', '봉재불량', NULL),
(16, '이탈', '봉재불량', NULL),
(7, '접힘', '봉재불량', NULL),
(17, '체인불량', '장비불량', NULL),
(15, '탭부착불량', '봉재불량', NULL),
(4, '탭커팅', '재단불량', NULL),
(12, '테더봉재불량', '봉재불량', NULL);

-- --------------------------------------------------------

--
-- 테이블 구조 `JADANFINISHED`
--

CREATE TABLE `JADANFINISHED` (
  `NO` int(11) DEFAULT NULL,
  `WORK_ORDER_NO` int(10) DEFAULT NULL,
  `CREATE_DATE` varchar(10) DEFAULT NULL,
  `WORK_DATE` varchar(10) DEFAULT NULL,
  `COUNT` int(10) DEFAULT NULL,
  `WORKING_PART` int(10) DEFAULT NULL,
  `LOT` varchar(30) DEFAULT NULL,
  `regAccount` varchar(30) DEFAULT NULL,
  `updateAccount` varchar(30) DEFAULT NULL,
  `PUMBUN` varchar(30) DEFAULT NULL,
  `ASSY_PART_NAME` varchar(30) DEFAULT NULL,
  `ASSY_SUB_PART_NAME` varchar(30) DEFAULT NULL,
  `JAEDAN_PART_NAME` varchar(30) DEFAULT NULL
) ENGINE=InnoDB DEFAULT CHARSET=utf8;

-- --------------------------------------------------------

--
-- 테이블 구조 `JADAN_INVENTORY`
--

CREATE TABLE `JADAN_INVENTORY` (
  `NO` int(10) NOT NULL,
  `WORK_DAY` date NOT NULL DEFAULT current_timestamp(),
  `JAEDAN_PART_NAME` varchar(30) NOT NULL,
  `COUNT` int(10) NOT NULL
) ENGINE=InnoDB DEFAULT CHARSET=utf8;

--
-- 테이블의 덤프 데이터 `JADAN_INVENTORY`
--

INSERT INTO `JADAN_INVENTORY` (`NO`, `WORK_DAY`, `JAEDAN_PART_NAME`, `COUNT`) VALUES
(47, '2024-06-20', '4', 100),
(48, '2024-06-28', '10', 1),
(49, '2024-06-28', '10', 1),
(50, '2024-06-28', '10', 1),
(51, '2024-07-05', '10', 100),
(52, '2024-06-28', '2', 1),
(53, '2024-06-29', '8', 2),
(54, '2024-07-02', '2', 1),
(55, '2024-07-05', '4', 100),
(56, '2024-07-06', '16', 1),
(57, '2024-07-12', '1', 1),
(58, '2024-07-12', '16', 1),
(59, '2024-07-15', '1', 1),
(60, '2024-07-07', '1', 1),
(61, '2024-07-07', '1', 1),
(62, '2024-07-15', '1', 1),
(63, '2024-07-15', '1', 1),
(64, '2024-07-15', '1', 1),
(65, '2024-07-08', '1', 1),
(66, '2024-07-15', '1', 1),
(67, '2024-07-15', '1', 1),
(68, '2024-07-15', '1', 1),
(69, '2024-07-15', '16', 1),
(47, '2024-06-20', '4', 100),
(48, '2024-06-28', '10', 1),
(49, '2024-06-28', '10', 1),
(50, '2024-06-28', '10', 1),
(51, '2024-07-05', '10', 100),
(52, '2024-06-28', '2', 1),
(53, '2024-06-29', '8', 2),
(54, '2024-07-02', '2', 1),
(55, '2024-07-05', '4', 100),
(56, '2024-07-06', '16', 1),
(57, '2024-07-12', '1', 1),
(58, '2024-07-12', '16', 1),
(59, '2024-07-15', '1', 1),
(60, '2024-07-07', '1', 1),
(61, '2024-07-07', '1', 1),
(62, '2024-07-15', '1', 1),
(63, '2024-07-15', '1', 1),
(64, '2024-07-15', '1', 1),
(65, '2024-07-08', '1', 1),
(66, '2024-07-15', '1', 1),
(67, '2024-07-15', '1', 1),
(68, '2024-07-15', '1', 1),
(69, '2024-07-15', '16', 1);

-- --------------------------------------------------------

--
-- 테이블 구조 `JAEDAN_PART`
--

CREATE TABLE `JAEDAN_PART` (
  `ID` int(10) NOT NULL,
  `JAEDAN_PART_NAME` varchar(30) NOT NULL
) ENGINE=InnoDB DEFAULT CHARSET=utf8;

--
-- 테이블의 덤프 데이터 `JAEDAN_PART`
--

INSERT INTO `JAEDAN_PART` (`ID`, `JAEDAN_PART_NAME`) VALUES
(5, 'CAB TAP'),
(4, 'CAB 인어백'),
(6, 'CENTER 메인'),
(7, 'CENTER 테더'),
(3, 'DAB FRONT'),
(2, 'DAB REAR'),
(8, 'KAB 메인'),
(9, 'KAB 테더'),
(1, 'LD LAB'),
(13, 'PAB SR'),
(14, 'PABAB 메인'),
(10, 'SAB LH 메인'),
(12, 'SAB LH 태더'),
(11, 'SAB RH 메인'),
(5, 'CAB TAP'),
(4, 'CAB 인어백'),
(6, 'CENTER 메인'),
(7, 'CENTER 테더'),
(3, 'DAB FRONT'),
(2, 'DAB REAR'),
(8, 'KAB 메인'),
(9, 'KAB 테더'),
(1, 'LD LAB'),
(13, 'PAB SR'),
(14, 'PABAB 메인'),
(10, 'SAB LH 메인'),
(12, 'SAB LH 태더'),
(11, 'SAB RH 메인');

-- --------------------------------------------------------

--
-- 테이블 구조 `JAEDAN_REGIST`
--

CREATE TABLE `JAEDAN_REGIST` (
  `NO` int(11) NOT NULL,
  `WORK_ORDER_NO` int(10) NOT NULL,
  `WONDAN_STORE` int(10) NOT NULL,
  `WONDAN_MANAGER_NO` varchar(10) NOT NULL,
  `LOT` varchar(30) NOT NULL,
  `Y_COUNT` int(10) NOT NULL,
  `MARKS` int(10) NOT NULL,
  `COUNT` int(10) NOT NULL,
  `DEFECTIVE` int(10) DEFAULT NULL,
  `CREATE_DATE` date NOT NULL DEFAULT current_timestamp(),
  `WORK_DATE` date NOT NULL DEFAULT current_timestamp(),
  `REG_ACCOUNT` int(10) NOT NULL,
  `STATE` int(11) NOT NULL DEFAULT 0,
  `UPDATE_ACCOUNT` int(10) DEFAULT NULL,
  `PRODUCTION_ACCOUNT` int(10) DEFAULT NULL,
  `PROCESSCODE` varchar(30) DEFAULT NULL,
  `PD_ACCOUNT` int(10) DEFAULT NULL COMMENT '마감사용자',
  `PD_DATE` date DEFAULT current_timestamp() COMMENT '상품등록일',
  `PD_STATE` int(10) DEFAULT 0
) ENGINE=InnoDB DEFAULT CHARSET=utf8;

--
-- 테이블의 덤프 데이터 `JAEDAN_REGIST`
--

INSERT INTO `JAEDAN_REGIST` (`NO`, `WORK_ORDER_NO`, `WONDAN_STORE`, `WONDAN_MANAGER_NO`, `LOT`, `Y_COUNT`, `MARKS`, `COUNT`, `DEFECTIVE`, `CREATE_DATE`, `WORK_DATE`, `REG_ACCOUNT`, `STATE`, `UPDATE_ACCOUNT`, `PRODUCTION_ACCOUNT`, `PROCESSCODE`, `PD_ACCOUNT`, `PD_DATE`, `PD_STATE`) VALUES
(67, 50, 7, '1', 'fafsdfasf', 1, 1, 1, 1, '2024-07-16', '2024-07-15', 2, 3, 2, NULL, 'LDLAB2024071567', 2, '2024-07-14', 1),
(68, 51, 1, '1', '1', 1, 1, 1, 1, '2024-07-15', '2024-07-15', 2, 2, 2, NULL, 'PABSR2024071568', NULL, '2024-07-15', 0),
(67, 50, 7, '1', 'fafsdfasf', 1, 1, 1, 1, '2024-07-16', '2024-07-15', 2, 3, 2, NULL, 'LDLAB2024071567', 2, '2024-07-14', 1),
(68, 51, 1, '1', '1', 1, 1, 1, 1, '2024-07-15', '2024-07-15', 2, 2, 2, NULL, 'PABSR2024071568', NULL, '2024-07-15', 0);

--
-- 트리거 `JAEDAN_REGIST`
--
DELIMITER $$
CREATE TRIGGER `after_jaedan_regist_update` AFTER UPDATE ON `JAEDAN_REGIST` FOR EACH ROW BEGIN
    IF NEW.STATE = 1 THEN
        INSERT INTO `JADAN_INVENTORY` (`WORK_DAY`, `JAEDAN_PART_NAME`, `COUNT`)
        VALUES (NEW.WORK_DATE, (SELECT WORKING_PART FROM WORKING_ORDER WHERE NO = NEW.WORK_ORDER_NO), NEW.COUNT);
    END IF;
END
$$
DELIMITER ;

-- --------------------------------------------------------

--
-- 테이블 구조 `JAEDAN_WORKING_VIEW`
--

CREATE TABLE `JAEDAN_WORKING_VIEW` (
  `JAEDAN_REGIST_NO` int(11) DEFAULT NULL,
  `NO` int(11) DEFAULT NULL,
  `WORK_ORDER_NO` int(10) DEFAULT NULL,
  `WONDAN_STORE` int(10) DEFAULT NULL,
  `WONDAN_MANAGER_NO` varchar(10) DEFAULT NULL,
  `Y_COUNT` int(10) DEFAULT NULL,
  `MARKS` int(10) DEFAULT NULL,
  `COUNT` int(10) DEFAULT NULL,
  `DEFECTIVE` int(10) DEFAULT NULL,
  `CREATE_DATE` date DEFAULT NULL,
  `WORK_DATE` date DEFAULT NULL,
  `REG_ACCOUNT` int(10) DEFAULT NULL,
  `STATE` int(11) DEFAULT NULL,
  `WORKING_ORDER_NO` int(10) DEFAULT NULL,
  `WONDAN_STORE_NO` int(11) DEFAULT NULL,
  `WORKING_PART` int(11) DEFAULT NULL
) ENGINE=InnoDB DEFAULT CHARSET=utf8;

-- --------------------------------------------------------

--
-- 테이블 구조 `PD_DELIVERY`
--

CREATE TABLE `PD_DELIVERY` (
  `NO` int(11) NOT NULL,
  `ID` int(11) DEFAULT NULL,
  `PD_NAME` varchar(30) DEFAULT NULL,
  `COUNT` int(11) DEFAULT NULL,
  `DATE` date NOT NULL DEFAULT current_timestamp()
) ENGINE=InnoDB DEFAULT CHARSET=utf8;

--
-- 테이블의 덤프 데이터 `PD_DELIVERY`
--

INSERT INTO `PD_DELIVERY` (`NO`, `ID`, `PD_NAME`, `COUNT`, `DATE`) VALUES
(18, NULL, 'CAB CUSHION [VF33/VN&EU/LH]', 1, '2024-05-21'),
(19, NULL, 'CAB CUSHION [VF33/VN&EU/LH]', 1, '2024-05-21'),
(18, NULL, 'CAB CUSHION [VF33/VN&EU/LH]', 1, '2024-05-21'),
(19, NULL, 'CAB CUSHION [VF33/VN&EU/LH]', 1, '2024-05-21');

--
-- 트리거 `PD_DELIVERY`
--
DELIMITER $$
CREATE TRIGGER `after_pd_delivery_insert` AFTER INSERT ON `PD_DELIVERY` FOR EACH ROW BEGIN
    DECLARE existing_count INT;

    SELECT COUNT(*) INTO existing_count
    FROM PD_INVENTORY
    WHERE PD_NAME = NEW.PD_NAME;

    IF existing_count > 0 THEN
        UPDATE PD_INVENTORY
        SET COUNT = COUNT - NEW.COUNT
        WHERE PD_NAME = NEW.PD_NAME;
    ELSE
        INSERT INTO PD_INVENTORY (PD_NAME, COUNT)
        VALUES (NEW.PD_NAME, -NEW.COUNT);
    END IF;
END
$$
DELIMITER ;

-- --------------------------------------------------------

--
-- 테이블 구조 `PD_INVENTORY`
--

CREATE TABLE `PD_INVENTORY` (
  `NO` int(11) NOT NULL,
  `PD_NAME` varchar(30) DEFAULT NULL,
  `COUNT` int(11) DEFAULT NULL,
  `DATE` date NOT NULL DEFAULT current_timestamp()
) ENGINE=InnoDB DEFAULT CHARSET=utf8;

--
-- 테이블의 덤프 데이터 `PD_INVENTORY`
--

INSERT INTO `PD_INVENTORY` (`NO`, `PD_NAME`, `COUNT`, `DATE`) VALUES
(4, 'DAB FOLDING [LD]', 105, '2024-05-20'),
(5, 'KAB CUSHION [VF33]', 14, '2024-05-20'),
(6, 'CAB CUSHION [VF33/VN&EU/RH]', 8, '2024-05-20'),
(7, 'DAB FOLDING [VF33/EU]', 10, '2024-05-21'),
(8, 'CAB CUSHION [VF33/VN&EU/LH]', 99, '2024-05-21'),
(9, 'KAB CUSHION [VF34]', 14, '2024-05-21'),
(10, 'PAB FOLDING [VF35/US]', 3400, '2024-05-21'),
(11, 'PAB FOLDING [VF35/VN&EU]', 200, '2024-05-21'),
(12, 'PAB FOLDING [VF36/US]', 400, '2024-05-21'),
(4, 'DAB FOLDING [LD]', 105, '2024-05-20'),
(5, 'KAB CUSHION [VF33]', 14, '2024-05-20'),
(6, 'CAB CUSHION [VF33/VN&EU/RH]', 8, '2024-05-20'),
(7, 'DAB FOLDING [VF33/EU]', 10, '2024-05-21'),
(8, 'CAB CUSHION [VF33/VN&EU/LH]', 101, '2024-05-21'),
(9, 'KAB CUSHION [VF34]', 14, '2024-05-21'),
(10, 'PAB FOLDING [VF35/US]', 3400, '2024-05-21'),
(11, 'PAB FOLDING [VF35/VN&EU]', 200, '2024-05-21'),
(12, 'PAB FOLDING [VF36/US]', 400, '2024-05-21');

-- --------------------------------------------------------

--
-- 테이블 구조 `PD_NAME`
--

CREATE TABLE `PD_NAME` (
  `PART` varchar(50) NOT NULL,
  `DESCRIPTION` varchar(100) DEFAULT NULL,
  `PATERNER` varchar(50) DEFAULT NULL
) ENGINE=InnoDB DEFAULT CHARSET=utf8;

--
-- 테이블의 덤프 데이터 `PD_NAME`
--

INSERT INTO `PD_NAME` (`PART`, `DESCRIPTION`, `PATERNER`) VALUES
('CAB', NULL, NULL),
('CENTER', NULL, NULL),
('DAB', 'DAB ', NULL),
('KAB', NULL, NULL),
('PAB', NULL, NULL),
('SAB', NULL, NULL),
('CAB', NULL, NULL),
('CENTER', NULL, NULL),
('DAB', 'DAB ', NULL),
('KAB', NULL, NULL),
('PAB', NULL, NULL),
('SAB', NULL, NULL);

-- --------------------------------------------------------

--
-- 테이블 구조 `PD_STOCK`
--

CREATE TABLE `PD_STOCK` (
  `NO` int(11) NOT NULL,
  `ID` int(11) DEFAULT NULL,
  `PD_NAME` varchar(30) DEFAULT NULL,
  `COUNT` int(11) DEFAULT NULL,
  `DATE` date NOT NULL DEFAULT current_timestamp()
) ENGINE=InnoDB DEFAULT CHARSET=utf8;

--
-- 테이블의 덤프 데이터 `PD_STOCK`
--

INSERT INTO `PD_STOCK` (`NO`, `ID`, `PD_NAME`, `COUNT`, `DATE`) VALUES
(24, NULL, 'DAB FOLDING [LD]', 1, '2024-05-21'),
(25, NULL, 'PAB FOLDING [VF35/US]', 200, '2024-05-21'),
(26, NULL, 'PAB FOLDING [VF35/US]', 500, '2024-05-21'),
(27, NULL, 'PAB FOLDING [VF35/US]', 1000, '2024-05-21'),
(28, NULL, 'PAB FOLDING [VF35/VN&EU]', 100, '2024-05-21'),
(29, NULL, 'PAB FOLDING [VF36/US]', 200, '2024-05-21'),
(24, NULL, 'DAB FOLDING [LD]', 1, '2024-05-21'),
(25, NULL, 'PAB FOLDING [VF35/US]', 200, '2024-05-21'),
(26, NULL, 'PAB FOLDING [VF35/US]', 500, '2024-05-21'),
(27, NULL, 'PAB FOLDING [VF35/US]', 1000, '2024-05-21'),
(28, NULL, 'PAB FOLDING [VF35/VN&EU]', 100, '2024-05-21'),
(29, NULL, 'PAB FOLDING [VF36/US]', 200, '2024-05-21');

--
-- 트리거 `PD_STOCK`
--
DELIMITER $$
CREATE TRIGGER `after_pd_stock_insert` AFTER INSERT ON `PD_STOCK` FOR EACH ROW BEGIN
    DECLARE existing_count INT;

    SELECT COUNT(*) INTO existing_count
    FROM PD_INVENTORY
    WHERE PD_NAME = NEW.PD_NAME;

    IF existing_count > 0 THEN
        UPDATE PD_INVENTORY
        SET COUNT = COUNT + NEW.COUNT
        WHERE PD_NAME = NEW.PD_NAME;
    ELSE
        INSERT INTO PD_INVENTORY (PD_NAME, COUNT)
        VALUES (NEW.PD_NAME, NEW.COUNT);
    END IF;
END
$$
DELIMITER ;

-- --------------------------------------------------------

--
-- 테이블 구조 `PROCESS_BARCODE_COUNT`
--

CREATE TABLE `PROCESS_BARCODE_COUNT` (
  `PROCESS_CODE` varchar(20) NOT NULL,
  `BARCODE_COUNT` int(11) DEFAULT 0,
  `LAST_SERIAL_NUMBER` int(10) DEFAULT 0
) ENGINE=InnoDB DEFAULT CHARSET=utf8;

--
-- 테이블의 덤프 데이터 `PROCESS_BARCODE_COUNT`
--

INSERT INTO `PROCESS_BARCODE_COUNT` (`PROCESS_CODE`, `BARCODE_COUNT`, `LAST_SERIAL_NUMBER`) VALUES
('', 1, 0),
('', 2, 0),
('', 1, 0),
('', 2, 0);

-- --------------------------------------------------------

--
-- 테이블 구조 `PRODUCTION`
--

CREATE TABLE `PRODUCTION` (
  `NO` int(10) NOT NULL,
  `JAEDAN_NO` int(10) DEFAULT NULL,
  `PROCESS_CODE` varchar(30) DEFAULT NULL,
  `LAST_SERIAL_NUMBER` int(10) DEFAULT 0,
  `STATE` int(10) DEFAULT 0,
  `CREATE_DATE` date NOT NULL DEFAULT current_timestamp()
) ENGINE=InnoDB DEFAULT CHARSET=utf8;

--
-- 테이블의 덤프 데이터 `PRODUCTION`
--

INSERT INTO `PRODUCTION` (`NO`, `JAEDAN_NO`, `PROCESS_CODE`, `LAST_SERIAL_NUMBER`, `STATE`, `CREATE_DATE`) VALUES
(101, 67, 'LDLAB2024071567', 0, 1, '2024-07-15'),
(101, 67, 'LDLAB2024071567', 0, 1, '2024-07-15');

-- --------------------------------------------------------

--
-- 테이블 구조 `PRODUCTS`
--

CREATE TABLE `PRODUCTS` (
  `NO` int(11) NOT NULL,
  `PRODUCT_CODE` varchar(50) DEFAULT NULL,
  `CAR` varchar(30) DEFAULT NULL,
  `LOCATION` varchar(30) NOT NULL,
  `COMPANY` varchar(30) DEFAULT NULL,
  `PRODUCT_NAME` varchar(50) DEFAULT NULL,
  `PRODUCT_BARCODE` varchar(50) DEFAULT NULL,
  `BARCODE_NO` varchar(30) DEFAULT NULL,
  `BARCODE_REV` varchar(30) DEFAULT NULL,
  `PRODUCT_CODE_NAME` varchar(30) NOT NULL,
  `PRODUCT_PART01` varchar(30) NOT NULL,
  `PRODUCT_FULLNAME` varchar(50) NOT NULL,
  `PRODUCT_DESC01` varchar(30) NOT NULL,
  `PRODUCT_DESC02` varchar(30) NOT NULL,
  `PRODUCT_DESC03` varchar(30) NOT NULL,
  `PRODUCT_PART` varchar(30) DEFAULT NULL,
  `CERT_DATE` varchar(30) DEFAULT NULL,
  `CERTIFY` int(11) DEFAULT NULL
) ENGINE=InnoDB DEFAULT CHARSET=utf8;

--
-- 테이블의 덤프 데이터 `PRODUCTS`
--

INSERT INTO `PRODUCTS` (`NO`, `PRODUCT_CODE`, `CAR`, `LOCATION`, `COMPANY`, `PRODUCT_NAME`, `PRODUCT_BARCODE`, `BARCODE_NO`, `BARCODE_REV`, `PRODUCT_CODE_NAME`, `PRODUCT_PART01`, `PRODUCT_FULLNAME`, `PRODUCT_DESC01`, `PRODUCT_DESC02`, `PRODUCT_DESC03`, `PRODUCT_PART`, `CERT_DATE`, `CERTIFY`) VALUES
(1, 'KAAL230007K', 'VF33', 'VN', 'VINFAST', 'DAB', '0', '0', '0', 'DAB FOLDING [VF33/VN]', 'FOLDING', 'DAB FOLDING [VF33/VN]', 'VF33 VN', '[VF33/VN]', 'VF33 DAB VN', 'DAB', '2024-02-20 오전 12:00:00', 1),
(2, 'KAAL230007K-1', 'VF34', 'VN', 'VINFAST', 'DAB', 'KAAL230090K01', 'KAAL230090K', '01', 'DAB FOLDING [VF34/VN]', 'FOLDING', 'DAB FOLDING [VF34/VN]', 'VF34 VN', '[VF34/VN]', 'VF34 DAB VN', 'DAB', '2024-03-15 오전 12:00:00', 1),
(3, 'KAAL230011K', 'VF33', 'EU', 'VINFAST', 'DAB', 'KAAL230110K 00', 'KAAL230110K', '00', 'DAB FOLDING [VF33/EU]', 'FOLDING', 'DAB FOLDING [VF33/EU]', 'VF33 EU', '[VF33/EU]', 'VF33 DAB EU', 'DAB', '2024-03-15 오전 12:00:00', 1),
(4, 'KAAL230020K', 'VF35', 'VN&EU', 'VINFAST', 'DAB', 'KAAL230010K00', 'KAAL230010K', '00', 'DAB FOLDING [VF35/VN&EU]', 'FOLDING', 'DAB FOLDING [VF35/VN&EU]', 'VF35 VN&EU', '[VF35/VN&EU]', 'VF35 DAB VN&EU', 'DAB', '2024-07-05 오전 12:00:00', 1),
(5, 'KAAL230060K', 'VF35', 'US', 'VINFAST', 'DAB', 'KAAR230000K 00', 'KAAR230000K', '00', 'DAB FOLDING [VF35/US]', 'FOLDING', 'DAB FOLDING [VF35/US]', 'VF35 US', '[VF35/US]', 'VF35 DAB US', 'DAB', '2024-07-06 오전 12:00:00', 1),
(6, 'KAAL230080K', 'LD DAB', 'DAB', 'VINFAST', 'DAB', 'KAAL230080K 01', 'KAAL230080K', '01', 'DAB FOLDING [LD]', 'FOLDING', 'DAB FOLDING [LD]', 'LD DAB', '[LD]', 'LD DAB', 'DAB', '2024-03-15 오전 12:00:00', 1),
(7, 'KABL230000K', 'VF35', 'US', 'VINFAST', 'PAB', 'KABL230050C 00', 'KABL230050C', '00', 'PAB FOLDING [VF35/US]', 'FOLDING', 'PAB FOLDING [VF35/US]', 'VF35 US', '[VF35/US]', 'VF35 PAB US', 'PAB', '2024-07-11 오전 12:00:00', 1),
(8, 'KABL230080K', 'VF33', 'VN&EU', 'VINFAST', 'PAB', '0', '0', '0', 'PAB FOLDING [VF33/VN&EU]', 'FOLDING', 'PAB FOLDING [VF33/VN&EU]', 'VF33 VN&EU', '[VF33/VN&EU]', 'VF33 PAB VN&EU', 'PAB', '2024-02-16 오전 12:00:00', 1),
(9, 'KABL230080K-1', 'VF33', 'VN&EU', 'VINFAST', 'PAB', 'KABL230011K 01', 'KABL230011K', '01', 'PAB FOLDING [VF33/VN&EU]', 'FOLDING', 'PAB FOLDING [VF33/VN&EU]', 'VF33 VN&EU', '[VF33/VN&EU]', 'VF33 PAB VN&EU', 'PAB', '2024-07-09 오전 12:00:00', 1),
(10, 'KACL230090K', 'VF33', 'FRT-CTR', 'VINFAST', 'SAB', 'KACL230090K 00', 'KACL230090K', '00', 'SAB CUSHION [VF33/FRT/CTR]', 'CUSHION', 'SAB CUSHION [VF33/FRT/CTR]', 'VF33 FRT-CTR', '[VF33/FRT/CTR]', 'VF33 FRT-CTR', 'SAB', '2024-03-13 오전 12:00:00', 1),
(11, 'KACL231040K', 'VF33', 'FRT-LH', 'VINFAST', 'SAB', 'KACL231040K 01', 'KACL231040K', '01', 'SAB CUSHION [VF33/FRT/LH/70]', 'CUSHION', 'SAB CUSHION [VF33/FRT/LH/70]', 'VF33 FRT-LH', '[VF33/FRT/LH/70]', 'VF33 FRT-LH', 'SAB', '2024-03-07 오전 12:00:00', 1),
(12, 'KACL231040K-2', 'VF34', 'FR-LH 75mm', 'VINFAST', 'SAB', 'KACL231040K 02', 'KACL231040K', '02', 'SAB CUSHION [VF34/FRT/LH/75]', 'CUSHION', 'SAB CUSHION [VF34/FRT/LH/75]', 'VF34 FR-LH 75mm', '[VF34/FRT/LH/75]', 'VF34 FR-LH 75mm', 'SAB', '2024-03-12 오전 12:00:00', 1),
(13, 'KACL231050K', 'VF33', 'FRT-RH', 'VINFAST', 'SAB', 'KACL231050K 01', 'KACL231050K', '01', 'SAB CUSHION [VF33/FRT/RH/70]', 'CUSHION', 'SAB CUSHION [VF33/FRT/RH/70]', 'VF33 FRT-RH', '[VF33/FRT/RH/70]', 'VF33 FRT-RH', 'SAB', '2024-02-26 오전 12:00:00', 1),
(14, 'KACL231050K-2', 'VF34', 'FR-RH 75mm', 'VINFAST', 'SAB', 'KACL231050K 02', 'KACL231050K', '02', 'SAB CUSHION [VF34/FRT/RH/75]', 'CUSHION', 'SAB CUSHION [VF34/FRT/RH/75]', 'VF34 FR-RH 75mm', '[VF34/FRT/RH/75]', 'VF34 FR-RH 75mm', 'SAB', '2024-03-14 오전 12:00:00', 1),
(15, 'KACL360010K', 'VF33', 'CeAB', 'VINFAST', 'PROTECTOR', '0', '0', '0', 'PROTECTOR [VF33/CeAB]', 'PROTECTOR', 'PROTECTOR [VF33/CeAB]', 'VF33 CeAB', '[VF33/CeAB]', 'VF33 CeAB', 'PROTECTOR', '2024-03-13 오전 12:00:00', 1),
(16, 'KADL230060K', 'VF33', 'CAB-LH', 'VINFAST', 'CAB', 'KADL230060K 00', 'KADL230060K', '00', 'CAB CUSHION [VF33/VN&EU/LH]', 'CUSHION', 'CAB CUSHION [VF33/VN&EU/LH]', 'VF33 CAB-LH', '[VF33/VN&EU/LH]', 'VF33 CAB-LH', 'CAB', '2024-02-15 오전 12:00:00', 1),
(17, 'KADL230070K', 'VF33', 'CAB-RH', 'VINFAST', 'CAB', 'KADL230070K 00', 'KADL230070K', '00', 'CAB CUSHION [VF33/VN&EU/RH]', 'CUSHION', 'CAB CUSHION [VF33/VN&EU/RH]', 'VF33 CAB-RH', '[VF33/VN&EU/RH]', 'VF33 CAB-RH', 'CAB', '2024-02-15 오전 12:00:00', 1),
(18, 'KAEL230041K', 'VF33', 'KAB', 'VINFAST', 'KAB', 'KAEL230041K 00', 'KAEL230041K', '00', 'KAB CUSHION [VF33]', 'CUSHION', 'KAB CUSHION [VF33]', 'VF33 KAB', '[VF33]', 'VF33 KAB', 'KAB', '2024-02-20 오전 12:00:00', 1),
(19, 'KAEL230041K-1', 'VF34', 'KAB', 'VINFAST', 'KAB', 'KAEL230041K 01', 'KAEL230041K', '01', 'KAB CUSHION [VF34]', 'CUSHION', 'KAB CUSHION [VF34]', 'VF34 KAB', '[VF34]', 'VF34 KAB', 'KAB', '2024-03-15 오전 12:00:00', 1),
(20, 'KABL230000K', 'VF35', 'US', 'VINFAST', 'PAB', 'KAAR230000K 00', 'KAAR230000K', '00', 'PAB FOLDING [VF35/US]', 'FOLDING', 'PAB FOLDING [VF35/US]', 'VF35/US PAB', '[VF35/US]', 'VF35/US PAB ', 'PAB', '2024-07-11 오전 12:00:00', 1),
(21, 'KABL230010K', 'VF35', 'VN&EU', 'VINFAST', 'PAB', 'KABL230010K 02', 'KABL230010K', '02', 'PAB FOLDING [VF35/VN&EU]', 'FOLDING', 'PAB FOLDING [VF35/VN&EU]', 'VF35/VN&EU PAB', '[VF35/VN&EU]', 'VF35/VN&EU PAB ', 'PAB', '2024-07-25 오전 12:00:00', 1);

-- --------------------------------------------------------

--
-- 테이블 구조 `PRODUCTS_BARCODE_COUNT`
--

CREATE TABLE `PRODUCTS_BARCODE_COUNT` (
  `NO` int(11) NOT NULL,
  `PRODUCT_CODE` varchar(30) NOT NULL,
  `BARCODE_COUNT` int(10) DEFAULT 0,
  `LAST_SERIAL_NUMBER` int(10) DEFAULT 0
) ENGINE=InnoDB DEFAULT CHARSET=utf8;

--
-- 테이블의 덤프 데이터 `PRODUCTS_BARCODE_COUNT`
--

INSERT INTO `PRODUCTS_BARCODE_COUNT` (`NO`, `PRODUCT_CODE`, `BARCODE_COUNT`, `LAST_SERIAL_NUMBER`) VALUES
(1, '1', 0, 0),
(2, '2', 0, 1),
(3, '3', 0, 1),
(4, '4', 0, 0),
(5, '5', 0, 0),
(6, '6', 0, 0),
(7, '7', 0, 0),
(8, '8', 0, 0),
(9, '9', 0, 0),
(10, '10', 0, 0),
(11, '11', 0, 0),
(12, '12', 0, 0),
(13, '13', 0, 0),
(14, '14', 0, 0),
(15, '15', 0, 0),
(16, '16', 0, 0),
(17, '17', 0, 0),
(18, '18', 0, 0),
(19, '19', 0, 0),
(20, '20', 0, 0),
(21, '21', 0, 0),
(22, '22', 0, 0),
(23, '23', 0, 0);

-- --------------------------------------------------------

--
-- 테이블 구조 `SALE_PRODUCT`
--

CREATE TABLE `SALE_PRODUCT` (
  `NO` int(11) NOT NULL,
  `CAR_NAME` varchar(30) NOT NULL,
  `PD_NAME` varchar(30) NOT NULL,
  `PUMBUN` varchar(30) NOT NULL,
  `PUMMYUM` varchar(30) NOT NULL,
  `PRICE` int(10) NOT NULL
) ENGINE=InnoDB DEFAULT CHARSET=utf8;

--
-- 테이블의 덤프 데이터 `SALE_PRODUCT`
--

INSERT INTO `SALE_PRODUCT` (`NO`, `CAR_NAME`, `PD_NAME`, `PUMBUN`, `PUMMYUM`, `PRICE`) VALUES
(1, 'LD', 'DAB', 'KAAL230080K', 'DAB FOLDING [LD]', 0),
(2, 'VF33', 'DAB', 'KAAL230007K', 'DAB FOLDING [VF33/VN&EU]', 0),
(3, 'VF34', 'DAB', 'KAAL230007K-1', 'DAB FOLDING [VF34/VN&EU]', 0),
(4, 'VF35', 'DAB', 'KAAL230020K', 'DAB FOLDING [VF35/VN&EU]', 0),
(5, 'VF35', 'DAB', 'KAAL230060K', 'DAB FOLDING [VF35/US]', 0),
(6, 'VF33', 'PAB', 'KABL230080K', 'PAB FOLDING [VF33/VN&EU]', 0),
(7, 'VF35', 'PAB', 'KABL230000K', 'PAB FOLDING [VF35/US]', 0),
(8, 'VF35', 'PAB', 'KABL230010K', 'PAB FOLDING [VF35/VN&EU]', 0),
(9, 'VF36', 'PAB', 'KABL230040K', 'PAB FOLDING [VF36/VN&EU]', 0),
(10, 'VF36', 'PAB', 'KABL230070K', 'PAB FOLDING [VF36/US]', 0),
(11, 'VF33', 'SAB', 'KACL360010K', 'PROTECTOR [VF33/CeAB]', 0),
(12, 'VF33', 'SAB', 'KACL230090K', 'SAB CUSHION [VF33/FRT/CTR]', 0),
(13, 'VF33', 'SAB', 'KACL231040K', 'SAB CUSHION [VF33/FRT/LH]', 0),
(14, 'VF34', 'SAB', 'KACL231040K-2', 'SAB CUSHION [VF33/FRT/LH]', 0),
(15, 'VF33', 'SAB', 'KACL231050K', 'SAB CUSHION [VF33/FRT/RH]', 0),
(16, 'VF34', 'SAB', 'KACL231050K-2', 'SAB CUSHION [VF33/FRT/RH]', 0),
(17, 'VF33', 'CAB', 'KADL230060K', 'CAB CUSHION [VF33/VN&EU/LH]', 0),
(18, 'VF33', 'CAB', 'KADL230070K', 'CAB CUSHION [VF33/VN&EU/RH]', 0),
(19, 'VF33', 'KAB', 'KAEL230041K', 'KAB CUSHION [VF33]', 0),
(20, 'VF34', 'KAB', 'KAEL230041K-1', 'KAB CUSHION [VF34]', 0),
(21, 'VF33', 'DAB', 'KAAL230011K', 'DAB FOLDING [VF33/EU]', 0),
(22, 'VF33', 'PAB', 'KABL230080K-1', 'PAB FOLDING [VF33/VN&EU]', 0),
(1, 'LD', 'DAB', 'KAAL230080K', 'DAB FOLDING [LD]', 0),
(2, 'VF33', 'DAB', 'KAAL230007K', 'DAB FOLDING [VF33/VN&EU]', 0),
(3, 'VF34', 'DAB', 'KAAL230007K-1', 'DAB FOLDING [VF34/VN&EU]', 0),
(4, 'VF35', 'DAB', 'KAAL230020K', 'DAB FOLDING [VF35/VN&EU]', 0),
(5, 'VF35', 'DAB', 'KAAL230060K', 'DAB FOLDING [VF35/US]', 0),
(6, 'VF33', 'PAB', 'KABL230080K', 'PAB FOLDING [VF33/VN&EU]', 0),
(7, 'VF35', 'PAB', 'KABL230000K', 'PAB FOLDING [VF35/US]', 0),
(8, 'VF35', 'PAB', 'KABL230010K', 'PAB FOLDING [VF35/VN&EU]', 0),
(9, 'VF36', 'PAB', 'KABL230040K', 'PAB FOLDING [VF36/VN&EU]', 0),
(10, 'VF36', 'PAB', 'KABL230070K', 'PAB FOLDING [VF36/US]', 0),
(11, 'VF33', 'SAB', 'KACL360010K', 'PROTECTOR [VF33/CeAB]', 0),
(12, 'VF33', 'SAB', 'KACL230090K', 'SAB CUSHION [VF33/FRT/CTR]', 0),
(13, 'VF33', 'SAB', 'KACL231040K', 'SAB CUSHION [VF33/FRT/LH]', 0),
(14, 'VF34', 'SAB', 'KACL231040K-2', 'SAB CUSHION [VF33/FRT/LH]', 0),
(15, 'VF33', 'SAB', 'KACL231050K', 'SAB CUSHION [VF33/FRT/RH]', 0),
(16, 'VF34', 'SAB', 'KACL231050K-2', 'SAB CUSHION [VF33/FRT/RH]', 0),
(17, 'VF33', 'CAB', 'KADL230060K', 'CAB CUSHION [VF33/VN&EU/LH]', 0),
(18, 'VF33', 'CAB', 'KADL230070K', 'CAB CUSHION [VF33/VN&EU/RH]', 0),
(19, 'VF33', 'KAB', 'KAEL230041K', 'KAB CUSHION [VF33]', 0),
(20, 'VF34', 'KAB', 'KAEL230041K-1', 'KAB CUSHION [VF34]', 0),
(21, 'VF33', 'DAB', 'KAAL230011K', 'DAB FOLDING [VF33/EU]', 0),
(22, 'VF33', 'PAB', 'KABL230080K-1', 'PAB FOLDING [VF33/VN&EU]', 0);

-- --------------------------------------------------------

--
-- 테이블 구조 `SCANNED_BARCODE`
--

CREATE TABLE `SCANNED_BARCODE` (
  `NO` int(11) NOT NULL,
  `BARCODE` varchar(255) NOT NULL,
  `CREATE_DATE` date NOT NULL DEFAULT current_timestamp(),
  `PRODUCTION_ID` int(10) DEFAULT NULL,
  `PROCESS_CODE` varchar(30) DEFAULT NULL
) ENGINE=InnoDB DEFAULT CHARSET=utf8;

--
-- 테이블의 덤프 데이터 `SCANNED_BARCODE`
--

INSERT INTO `SCANNED_BARCODE` (`NO`, `BARCODE`, `CREATE_DATE`, `PRODUCTION_ID`, `PROCESS_CODE`) VALUES
(453, '1', '2024-07-06', NULL, 'CENTER메인2024062953'),
(453, '1', '2024-07-06', NULL, 'CENTER메인2024062953');

-- --------------------------------------------------------

--
-- 테이블 구조 `WONDAN`
--

CREATE TABLE `WONDAN` (
  `ID` int(10) NOT NULL,
  `WONDAN_NAME` varchar(30) NOT NULL
) ENGINE=InnoDB DEFAULT CHARSET=utf8;

--
-- 테이블의 덤프 데이터 `WONDAN`
--

INSERT INTO `WONDAN` (`ID`, `WONDAN_NAME`) VALUES
(6, 'SR4K'),
(2, 'SRH2'),
(3, 'SRLT'),
(1, 'UC49'),
(5, 'UC53'),
(7, 'UCNK'),
(4, 'UCTA'),
(6, 'SR4K'),
(2, 'SRH2'),
(3, 'SRLT'),
(1, 'UC49'),
(5, 'UC53'),
(7, 'UCNK'),
(4, 'UCTA');

-- --------------------------------------------------------

--
-- 테이블 구조 `WONDAN_STORE`
--

CREATE TABLE `WONDAN_STORE` (
  `NO` int(11) NOT NULL,
  `REG_DATE` date NOT NULL DEFAULT current_timestamp(),
  `WONDAN_NAME` varchar(50) NOT NULL,
  `LOT_NO` varchar(50) NOT NULL,
  `LENGTH` int(11) NOT NULL,
  `REAL_LENGTH` int(11) NOT NULL,
  `SUPPLY` varchar(50) DEFAULT NULL,
  `REG_ACCOUNT` int(10) DEFAULT NULL,
  `DEFECTIVE_LENGTH` int(11) DEFAULT NULL,
  `STATE` int(11) NOT NULL DEFAULT 0,
  `STATE_DATE` date DEFAULT current_timestamp(),
  `ETC` varchar(50) DEFAULT NULL,
  `UPDATE_ACCOUNT` int(10) NOT NULL
) ENGINE=InnoDB DEFAULT CHARSET=utf8;

--
-- 테이블의 덤프 데이터 `WONDAN_STORE`
--

INSERT INTO `WONDAN_STORE` (`NO`, `REG_DATE`, `WONDAN_NAME`, `LOT_NO`, `LENGTH`, `REAL_LENGTH`, `SUPPLY`, `REG_ACCOUNT`, `DEFECTIVE_LENGTH`, `STATE`, `STATE_DATE`, `ETC`, `UPDATE_ACCOUNT`) VALUES
(1, '2024-07-21', 'SR4K', '1', 1, 1, '1', 2, 0, 0, '2024-06-09', NULL, 2),
(2, '2024-06-09', 'SRH2', '2', 1, 1, '1', 2, 0, 0, '2024-06-09', NULL, 2),
(3, '2024-06-09', 'SRH2', '3', 1, 1, '1', 2, 0, 0, '2024-06-09', NULL, 2),
(4, '2024-06-09', 'SRH2', '4', 1, 1, '1', 2, 0, 0, '2024-06-09', NULL, 2),
(5, '2024-07-21', 'UC49', '5', 1, 1, '1', 2, 0, 0, '2024-06-09', NULL, 2),
(6, '2024-06-10', 'UC49', 'safdadfasfa', 1, 1, '1', 2, 0, 0, '2024-06-09', NULL, 2),
(7, '2024-06-24', 'UC49', 'fafsdfasf', 1, 1, '1', 2, 0, 0, '2024-06-25', NULL, 2),
(8, '2024-06-28', 'SRH2', '200', 1, 1, '1', 2, 0, 0, '2024-06-28', NULL, 2),
(9, '2024-07-12', 'SR4K', 'fasfaf', 1, 1, '1', 2, 0, 0, '2024-07-12', NULL, 2),
(1, '2024-07-21', 'SR4K', '1', 1, 1, '1', 2, 0, 0, '2024-06-09', NULL, 2),
(2, '2024-06-09', 'SRH2', '2', 1, 1, '1', 2, 0, 0, '2024-06-09', NULL, 2),
(3, '2024-06-09', 'SRH2', '3', 1, 1, '1', 2, 0, 0, '2024-06-09', NULL, 2),
(4, '2024-06-09', 'SRH2', '4', 1, 1, '1', 2, 0, 0, '2024-06-09', NULL, 2),
(5, '2024-07-21', 'UC49', '5', 1, 1, '1', 2, 0, 0, '2024-06-09', NULL, 2),
(6, '2024-06-10', 'UC49', 'safdadfasfa', 1, 1, '1', 2, 0, 0, '2024-06-09', NULL, 2),
(7, '2024-06-24', 'UC49', 'fafsdfasf', 1, 1, '1', 2, 0, 0, '2024-06-25', NULL, 2),
(8, '2024-06-28', 'SRH2', '200', 1, 1, '1', 2, 0, 0, '2024-06-28', NULL, 2),
(9, '2024-07-12', 'SR4K', 'fasfaf', 1, 1, '1', 2, 0, 0, '2024-07-12', NULL, 2);

-- --------------------------------------------------------

--
-- 테이블 구조 `WORKING_ORDER`
--

CREATE TABLE `WORKING_ORDER` (
  `NO` int(10) NOT NULL,
  `WORKING_PART` int(10) NOT NULL,
  `COUNT` int(10) NOT NULL,
  `CREATE_DATE` timestamp NOT NULL DEFAULT current_timestamp(),
  `STATE` int(10) NOT NULL DEFAULT 0,
  `REG_ACCOUNT` int(10) NOT NULL,
  `ORDER_ACCOUNT` varchar(30) DEFAULT NULL,
  `UPDATE_ACCOUNT` int(10) DEFAULT NULL
) ENGINE=InnoDB DEFAULT CHARSET=utf8;

--
-- 테이블의 덤프 데이터 `WORKING_ORDER`
--

INSERT INTO `WORKING_ORDER` (`NO`, `WORKING_PART`, `COUNT`, `CREATE_DATE`, `STATE`, `REG_ACCOUNT`, `ORDER_ACCOUNT`, `UPDATE_ACCOUNT`) VALUES
(50, 1, 10, '2024-07-14 15:00:00', 1, 2, NULL, 2),
(51, 16, 1, '2024-07-14 15:00:00', 1, 2, NULL, 2),
(50, 1, 10, '2024-07-14 06:00:00', 1, 2, NULL, 2),
(51, 16, 1, '2024-07-14 06:00:00', 1, 2, NULL, 2);

-- --------------------------------------------------------

--
-- 테이블 구조 `WORKING_PART`
--

CREATE TABLE `WORKING_PART` (
  `ID` int(10) NOT NULL,
  `ASSY_PART_NAME` varchar(30) NOT NULL,
  `ASSY_SUB_PART_NAME` varchar(30) NOT NULL,
  `C_PUMBUN` varchar(30) DEFAULT NULL,
  `F_PUMBUN` varchar(30) DEFAULT NULL,
  `JAEDAN_PART_NAME` varchar(30) NOT NULL,
  `WONDAN_NAME` varchar(30) NOT NULL,
  `PUMBUN` varchar(30) DEFAULT NULL,
  `BARCODE` varchar(30) DEFAULT NULL
) ENGINE=InnoDB DEFAULT CHARSET=utf8;

--
-- 테이블의 덤프 데이터 `WORKING_PART`
--

INSERT INTO `WORKING_PART` (`ID`, `ASSY_PART_NAME`, `ASSY_SUB_PART_NAME`, `C_PUMBUN`, `F_PUMBUN`, `JAEDAN_PART_NAME`, `WONDAN_NAME`, `PUMBUN`, `BARCODE`) VALUES
(1, 'DAB', 'TDCV', 'BBB', NULL, 'LD LAB', 'UC49', 'KAAL230007K', NULL),
(2, 'DAB', 'VN', NULL, NULL, 'DAB REAR', 'UC49', NULL, NULL),
(3, 'DAB', 'VN', NULL, NULL, 'DAB FRONT', 'UC49', NULL, NULL),
(4, 'DAB', 'EU', NULL, NULL, 'DAB FRONT', 'SRH2', NULL, NULL),
(5, 'DAB', 'EU', NULL, NULL, 'DAB REAR', 'UC49', NULL, NULL),
(6, 'CAB', 'EU', NULL, NULL, 'CAB 인어백', 'SRLT', NULL, NULL),
(7, 'CAB', 'EU', NULL, NULL, 'CAB TAP', 'UCTA', NULL, NULL),
(8, 'CENTER', 'EU', NULL, NULL, 'CENTER 메인', 'SRH2', NULL, NULL),
(9, 'CENTER', 'EU', NULL, NULL, 'CENTER 테더', 'UC53', NULL, NULL),
(10, 'KAB', 'EU', NULL, NULL, 'KAB 메인', 'SRH2', '111', NULL),
(11, 'KAB', 'EU', NULL, NULL, 'KAB 테더', 'UC49', '1111', NULL),
(12, 'SAB', 'EU', NULL, NULL, 'SAB LH 메인', 'SRH2', NULL, NULL),
(13, 'SAB', 'EU', NULL, NULL, 'SAB RH 메인', 'UC53', NULL, NULL),
(14, 'SAB', 'EU', NULL, NULL, 'SAB LH 태더', 'UC53', NULL, NULL),
(15, 'PAB', 'EU', NULL, NULL, 'PABAB 메인', 'UCNK', NULL, NULL),
(16, 'PAB', 'EU', NULL, NULL, 'PAB SR', 'SR4K', NULL, NULL);

--
-- 덤프된 테이블의 인덱스
--

--
-- 테이블의 인덱스 `BARCODE_COUNT`
--
ALTER TABLE `BARCODE_COUNT`
  ADD PRIMARY KEY (`NO`),
  ADD UNIQUE KEY `PRODUCT_BARCODE` (`PRODUCT_CODE`),
  ADD KEY `PRODUCT_CODE` (`PRODUCT_CODE`);

--
-- 테이블의 인덱스 `PRODUCTS`
--
ALTER TABLE `PRODUCTS`
  ADD PRIMARY KEY (`NO`);

--
-- 테이블의 인덱스 `PRODUCTS_BARCODE_COUNT`
--
ALTER TABLE `PRODUCTS_BARCODE_COUNT`
  ADD PRIMARY KEY (`NO`);

--
-- 덤프된 테이블의 AUTO_INCREMENT
--

--
-- 테이블의 AUTO_INCREMENT `BARCODE_COUNT`
--
ALTER TABLE `BARCODE_COUNT`
  MODIFY `NO` int(11) NOT NULL AUTO_INCREMENT, AUTO_INCREMENT=51;

--
-- 테이블의 AUTO_INCREMENT `PRODUCTS`
--
ALTER TABLE `PRODUCTS`
  MODIFY `NO` int(11) NOT NULL AUTO_INCREMENT, AUTO_INCREMENT=22;

--
-- 테이블의 AUTO_INCREMENT `PRODUCTS_BARCODE_COUNT`
--
ALTER TABLE `PRODUCTS_BARCODE_COUNT`
  MODIFY `NO` int(11) NOT NULL AUTO_INCREMENT, AUTO_INCREMENT=24;
COMMIT;

/*!40101 SET CHARACTER_SET_CLIENT=@OLD_CHARACTER_SET_CLIENT */;
/*!40101 SET CHARACTER_SET_RESULTS=@OLD_CHARACTER_SET_RESULTS */;
/*!40101 SET COLLATION_CONNECTION=@OLD_COLLATION_CONNECTION */;
